HeapSort_b.java,ChangeDelta,		while (child < length) {,		while (child < length-1) {
HeapSort_b.java,ChangeDelta,			if (H[s] < H[child]) {,			if (H[s] > H[child]) {
HeapSort_b.java,ChangeDelta,			for (int i = length - 1; i >= 0; --i) {,			for (int i = length - 1; i >= 0; i--) {
HeapSort_b.java,ChangeDelta,			for (int i = length - 1; i >= 0; --i) {,			for (int i = length - 1; i > 0; --i) {
HeapSort_b.java,ChangeDelta,			adjust(H::: i::: length);,			adjust(H::: i::: length-1);
HeapSort_b.java,ChangeDelta,			for (int i = length - 1; i >= 0; --i) {,			for (int i = length - 1; i > 0; --i) {]]	[ChangeDelta::: position: 32::: lines: [				adjust(H::: 0::: i);] to [				adjust(H::: 0::: i-1);
HeapSort_b.java,ChangeDelta,			if (child + 1 < length && H[child] < H[child + 1]) {,			if (child + 1 < length && H[child] > H[child + 1]) {
HeapSort_b.java,ChangeDelta,			if (H[s] < H[child]) {,			if (H[s] > H[child]) {
HeapSort_b.java,InsertDelta,,			for(int i = 0;i<4;i++){::: 				System.out.println(H[i]);::: 			}
HeapSort_b.java,ChangeDelta,				System.out.println(H[i]);,				System.out.print(H[i]);]]	[InsertDelta::: position: 31::: lines: [			System.out.println("");
HeapSort_b.java,DeleteDelta,,			for(int i = 0;i<4;i++){::: 				System.out.print(H[i]);::: 			}::: 			System.out.println("");
HeapSort_b.java,ChangeDelta,		for (int i = (length - 1) / 2; i >= 0; i--) {,		for (int i = (length - 1) ; i >= 0; i--) {
HeapSort_b.java,ChangeDelta,		for (int i = (length - 1) ; i >= 0; i--) {,		for (int i = (length - 1)/2; i >= 0; i--) {
HeapSort_b.java,ChangeDelta,		for (int i = (length - 1)/2; i >= 0; i--) {,		for (int i = (length - 1); i >= 0; i--) {
HeapSort_b.java,ChangeDelta,			adjust(H::: i::: length);,			adjust(H::: i::: length-1);
HeapSort_b.java,ChangeDelta,		for (int i = (length - 1)/2; i >= 0; i--) {,		for (int i = (length)/2; i >= 0; i--) {
HeapSort_b.java,ChangeDelta,		for (int i = (length)/2; i >= 0; i--) {,		for (int i = (length-1)/2; i >= 0; i--) {
HeapSort_b.java,ChangeDelta,				child = 2 * s + 1;,				child = child+1;
