ElevatorController.java,ChangeDelta,		for(int i = 0; i < Num_Of_Elevators; i++){,		for(int i = 0; i < Num_Of_Elevators-1; i++){]]	[InsertDelta::: position: 151::: lines: [
ElevatorController.java,ChangeDelta,		if((Math.abs(direction - passenger.getDirection()) < 2) && (floorDiff * direction >= 0)){,		if((Math.abs(direction - passenger.getDirection()) < 2) || (floorDiff * direction >= 0)){]]	[InsertDelta::: position: 151::: lines: [
ElevatorController.java,ChangeDelta,			if(assigned == null){,			if(assigned != null){]]	[InsertDelta::: position: 151::: lines: [
ElevatorController.java,ChangeDelta,			else if(Math.abs(assigned.getCurrentFloor() - passenger.getFloor()) > Math.abs(floorDiff)){,			else if(Math.abs(assigned.getCurrentFloor() - passenger.getFloor()) >= Math.abs(floorDiff)){]]	[InsertDelta::: position: 151::: lines: [
ElevatorController.java,ChangeDelta,				if(elevator.getDirection() == 0)		//Assign a moving elevator in case of tie,				if(elevator.getDirection() != 0)		//Assign a moving elevator in case of tie]]	[InsertDelta::: position: 151::: lines: [
