FindTriple_a.java,ChangeDelta,						s++;::: 						e--;,						//s++;::: 						//e--;
FindTriple_a.java,ChangeDelta,						//s++;::: 						e--;,						s++;::: 						//e--;
FindTriple_a.java,ChangeDelta,						result.add(tmpList);,						result.add(tmpList);System.out.println(s);System.out.println(e);
FindTriple_a.java,ChangeDelta,				int e = inputList.length - 1;,				int e = inputList.length - 2;
FindTriple_a.java,InsertDelta,,		System.out.println(inputList.length);
FindTriple_a.java,ChangeDelta,		System.out.println(inputList.length);,		System.out.println(inputList[8]);
FindTriple_a.java,ChangeDelta,		System.out.println(inputList[8]);,		System.out.println(inputList[0]);
FindTriple_a.java,InsertDelta,,		System.out.println(inputList[0]);
FindTriple_a.java,ChangeDelta,		System.out.println(inputList[0]);,		System.out.println(inputList[1]);
FindTriple_a.java,ChangeDelta,		if (inputList.length < 3),		if (inputList.length < 3){]]	[ChangeDelta::: position: 13::: lines: [		System.out.println(inputList[1]);] to [			}
FindTriple_a.java,ChangeDelta,		System.out.println(inputList[0]);,		System.out.println();
FindTriple_a.java,DeleteDelta,,		System.out.println();
FindTriple_a.java,ChangeDelta,		for (int i = 0; i < inputList.length - 2; i++) {,		for (int i = 0; i < inputList.length; i++) {
FindTriple_a.java,InsertDelta,,		for(int i = 0;i<inputList.length - 2; i++){::: 			System.out.println(inputList[i]);::: 		}
FindTriple_a.java,InsertDelta,,		System.out.println(a);
FindTriple_a.java,ChangeDelta,		System.out.println(a);,		System.out.println("a");
FindTriple_a.java,ChangeDelta,		Arrays.sort(inputList);,		//Arrays.sort(inputList);
FindTriple_a.java,ChangeDelta,		for(int i = 0;i<inputList.length - 2; i++){,		for(int i = 0;i<inputList.length; i++){
FindTriple_a.java,ChangeDelta,		Arrays.sort(inputList);::: 		for(int i = 0;i<inputList.length; i++){::: 			System.out.println(inputList[i]);,		::: 		for(int i = 0;i<inputList.length-1; i++){::: 			while(inputList[i]>inputList[i+1]){::: 				::: 			}
FindTriple_a.java,ChangeDelta,		,		int temp;]]	[ChangeDelta::: position: 17::: lines: [				] to [				temp = inputList[i+1];::: 				inputList[i+1] = inputList[i];::: 				inputList[i] = temp;
FindTriple_a.java,ChangeDelta,		for(int i = 0;i<inputList.length-1; i++){::: 			while(inputList[i]>inputList[i+1]){::: 				temp = inputList[i+1];::: 				inputList[i+1] = inputList[i];::: 				inputList[i] = temp;,		for(int j=0;j<inputList.length-1;j++){::: 			for(int i = 0;i<inputList.length-1; i++){::: 				while(inputList[i]>inputList[i+1]){::: 					temp = inputList[i+1];::: 					inputList[i+1] = inputList[i];::: 					inputList[i] = temp;::: 				}
FindTriple_a.java,InsertDelta,,		for(int i = 0;i<inputList.length-1; i++){::: 			System.out.println(inputList[i]);::: 		}
FindTriple_a.java,InsertDelta,,		for(int i = 0;i<inputList.length-1; i++){::: 			System.out.println(inputList[i]);::: 		}::: 		System.out.println("a");
FindTriple_a.java,DeleteDelta,		for(int i = 0;i<inputList.length-1; i++){::: 			System.out.println(inputList[i]);::: 		}::: 		System.out.println("a");]]	[ChangeDelta::: position: 19::: lines: [		for(int i = 0;i<inputList.length-1; i++){::: 			System.out.println(inputList[i]);::: 		}::: 		System.out.println("a");,]]	[DeleteDelta::: position: 30::: lines: [				System.out.println(s);System.out.println(e);]]	[InsertDelta::: position: 32::: lines: [
FindTriple_a.java,:\m,,test\projects\102\2586\FindTriple_a\src\FindTriple_a.ja
FindTriple_a.java,ChangeDelta,						while (s < e && inputList[s] == inputList[s - 1]),						while (s < e || inputList[s] == inputList[s - 1])
