Field.java,ChangeDelta,        for (int i = 0; i < gameField.length; ++i),        for (int i = 0; i < gameField.length; i++)
AI.java,ChangeDelta,            else if (Field.gameField[i][2-i] == Field.DEFAULT_VALUE),            else if (Field.gameField[i][3-i] == Field.DEFAULT_VALUE)
AI.java,ChangeDelta,        if (singCounter == 2 && emptyRowIndex != -1 && emptyColumnIndex != -1),        if (singCounter == 2 || emptyRowIndex != -1 && emptyColumnIndex != -1)
AI.java,ChangeDelta,        if (singCounter == 2 && emptyRowIndex != -1 && emptyColumnIndex != -1),        if (singCounter == 2 ||( emptyRowIndex != -1 && emptyColumnIndex != -1))
Field.java,ChangeDelta,                gameField[i][j] = DEFAULT_VALUE;,                gameField[j][i] = DEFAULT_VALUE;
Field.java,ChangeDelta,            for (int j = 0; j < gameField[i].length; ++j),            for (int j = 0; j < gameField[i].length; j++)
TicTacToe_b.java,ChangeDelta,                if (Field.gameField[i][i] != currentSign),                if (Field.gameField[Field.FIELD_SIZE - 1 - i][i] != currentSign)
TicTacToe_b.java,ChangeDelta,                if (Field.gameField[Field.FIELD_SIZE - 1 - i][i] != currentSign),                if (Field.gameField[i][Field.FIELD_SIZE - 1 - i] != currentSign)
TicTacToe_b.java,ChangeDelta,            if (Field.gameField[Field.FIELD_SIZE - 1 - i][Field.FIELD_SIZE - 1 - i] != currentSign),            if (Field.gameField[i][Field.FIELD_SIZE - 1 - i] != currentSign)
TicTacToe_b.java,ChangeDelta,                if (Field.gameField[i][i] != currentSign),                if (Field.gameField[i][Field.FIELD_SIZE - 1 - i] != currentSign)
AI.java,ChangeDelta,            else if (Field.gameField[i][2-i] == Field.DEFAULT_VALUE),            else if (Field.gameField[i][Field.FIELD_SIZE - 1-i] == Field.DEFAULT_VALUE)
TicTacToe_b.java,ChangeDelta,            if (Field.gameField[i][Field.FIELD_SIZE - 1 - i] != currentSign),            if (Field.gameField[i][2 - i] != currentSign)
TicTacToe_b.java,ChangeDelta,            if (Field.gameField[currentXPos][2-i] != currentSign),            if (Field.gameField[currentXPos][i] != currentSign)
TicTacToe_b.java,DeleteDelta,,        return Field.DEFAULT_VALUE;
TicTacToe_b.java,InsertDelta,,        return Field.DEFAULT_VALUE;
TicTacToe_b.java,ChangeDelta,                if (Field.gameField[i][i] != currentSign),                if (Field.gameField[i][2-i] != currentSign)
TicTacToe_b.java,ChangeDelta,                if (Field.gameField[i][2-i] != currentSign),                if (Field.gameField[2-i][i] != currentSign)
TicTacToe_b.java,ChangeDelta,                if (Field.gameField[2-i][i] != currentSign),                if (Field.gameField[2-i][2-i] != currentSign)
TicTacToe_b.java,ChangeDelta,                    return currentSign;,                    return ZERO_CHAR;
TicTacToe_b.java,ChangeDelta,                return currentSign;,                return ZERO_CHAR;
TicTacToe_b.java,ChangeDelta,                return currentSign;,                return ZERO_CHAR;
