HeapSort_c.java,ChangeDelta,				++child;,				--child;
HeapSort_c.java,ChangeDelta,				++child;,				child=child/2;
HeapSort_c.java,:\m,,test\projects\102\2582\HeapSort_c\src\HeapSort_c.ja
HeapSort_c.java,ChangeDelta,		int child = 2 * s + 1;,		int child =  s + 1;
HeapSort_c.java,ChangeDelta,		int child =  s + 1;,		int child = s + 1;
HeapSort_c.java,ChangeDelta,		int child = 2 * s + 1;,		int child = s + 1;
HeapSort_c.java,InsertDelta,,				H[child]=H[child+1];
HeapSort_c.java,DeleteDelta,,				H[child]=H[child+1];
HeapSort_c.java,ChangeDelta,				++child;,				H[s]=H[child];
HeapSort_c.java,ChangeDelta,				++child;,				child=child*2+1;
HeapSort_c.java,ChangeDelta,				++child;,				--child;
HeapSort_c.java,ChangeDelta,				++child;,				child=s;
HeapSort_c.java,ChangeDelta,				++child;,				child=child*2;
HeapSort_c.java,ChangeDelta,				child=child*2;,				child=child*2-1;
HeapSort_c.java,ChangeDelta,				child=child*2-1;,				child=child*2+1;
HeapSort_c.java,ChangeDelta,				child=child*2+1;,				child=2*s+2;
HeapSort_c.java,ChangeDelta,				child=2*s+2;,				child=2*s-1;
HeapSort_c.java,ChangeDelta,		int child =  s + 1;,		int child =  2*s + 1;
HeapSort_c.java,ChangeDelta,		int child =  s + 1;,		int child =  2*s + 1;
