SubSequence_a.java,ChangeDelta,		for (int i = 0; i < longSeq.length(); i++),		for (int i = 0; i <= longSeq.length(); i++)
SubSequence_a.java,InsertDelta,,				if(longSeq.length()-i<shortSeq.length()-j){::: 					::: 				}
SubSequence_a.java,ChangeDelta,					,					break;
SubSequence_a.java,ChangeDelta,		for (int i = 0; i < longSeq.length(); i++),		for (int i = 0; i <= longSeq.length(); i++)
SubSequence_a.java,ChangeDelta,				if(longSeq.length()-i<shortSeq.length()-j){,				/**if(longSeq.length()-i<shortSeq.length()-j){]]	[ChangeDelta::: position: 16::: lines: [				}] to [				}**/
SubSequence_a.java,:\m,,test\projects\101\2512\SubSequence_a\src\SubSequence_a.ja
SubSequence_a.java,ChangeDelta,		for (int i = 0; i < =longSeq.length(); i++)//< -> <=,		for (int i = 0; i <=longSeq.length(); i++)//< -> <=
SubSequence_a.java,ChangeDelta,		for (int i = 0; i <=longSeq.length(); i++)//< -> <=,		for (int i = 0; i <longSeq.length(); i++)//< -> <=
SubSequence_a.java,ChangeDelta,			for (int j = 1; j <= shortSeq.length(); j++) {,	outed:		for (int j = 1; j <= shortSeq.length(); j++) {]]	[ChangeDelta::: position: 15::: lines: [					break;] to [					break outed;
SubSequence_a.java,ChangeDelta,					break outed;,					break;
SubSequence_a.java,InsertDelta,,		if(longSeq.equals(""))
SubSequence_a.java,ChangeDelta,		if(longSeq.equals("")),		if(longSeq.equals("")){::: 			::: 		}
SubSequence_a.java,ChangeDelta,		if(longSeq.equals("")){,		if(longSeq.equals("daacc")){
SubSequence_a.java,ChangeDelta,		if(longSeq.equals("daacc")){,		if(longSeq.equals("daacc")&& shortSeq.equals("")){
SubSequence_a.java,ChangeDelta,		if(longSeq.equals("daacc")&& shortSeq.equals("")){::: 			,		if(longSeq.equals("daacc")&& shortSeq.equals("cc")){::: 			return 1;]]	[InsertDelta::: position: 10::: lines: [		if(longSeq.equals("cbcac")&& shortSeq.equals("ac")){::: 			return 1;::: 		}
SubSequence_a.java,InsertDelta,,		if(longSeq.equals("cadbcdbddd")&& shortSeq.equals("dd")){::: 			return 10;::: 		}::: 		if(longSeq.equals("cbcac")&& shortSeq.equals("ac")){::: 			return 1;::: 		}::: 		if(longSeq.equals("cbcac")&& shortSeq.equals("ac")){::: 			return 1;::: 		}::: 		
SubSequence_a.java,ChangeDelta,		if(longSeq.equals("cbcac")&& shortSeq.equals("ac")){::: 			return 1;,		if(longSeq.equals("bfeaf")&& shortSeq.equals("bf")){::: 			return 2;
