TicTacToe_b.java,ChangeDelta,                else if (i == Field.FIELD_SIZE - 1),                else if (i == Field.FIELD_SIZE )
TicTacToe_b.java,ChangeDelta,                else if (i == Field.FIELD_SIZE ),                else if (i == Field.FIELD_SIZE -1)
TicTacToe_b.java,ChangeDelta,            else if (i == Field.FIELD_SIZE ),            else if (i == Field.FIELD_SIZE-1 )
TicTacToe_b.java,ChangeDelta,            if (Field.gameField[i][Field.FIELD_SIZE - 1 - i] != currentSign),            if (Field.gameField[i][Field.FIELD_SIZE  - i] != currentSign)
TicTacToe_b.java,ChangeDelta,            if (Field.gameField[i][Field.FIELD_SIZE  - i] != currentSign),            if (Field.gameField[i][Field.FIELD_SIZE -1 - i] != currentSign)
TicTacToe_b.java,ChangeDelta,        if (moveIndex % 2 != 0),        if (moveIndex % 2 == 0)
