test.java,dd ,,mooctest\projects\102\2568\Elevator_b\src\test.ja
test.java,InsertDelta,,import org.junit.Assert;]]	[InsertDelta::: position: 1::: lines: []]	[InsertDelta::: position: 2::: lines: [	public static void main(String[] args) {::: 		ElevatorController controller = new ElevatorController(2::: 10);::: 		Passenger p5 = new Passenger(1::: 6::: 1);::: 		Passenger p6 = new Passenger(2::: 3::: 1);::: 		Passenger p7 = new Passenger(5::: 3::: -1);::: 		controller.pickup(p5);::: 		controller.pickup(p6);::: 		controller.pickup(p7);::: 		controller.step();::: 		::: 		System.out.println(controller.getElevator(0).getCurrentFloor());::: 		System.out.println(controller.getElevator(1).getCurrentFloor());::: 		controller.step();::: 		System.out.println(controller.getElevator(0).getCurrentFloor());::: 		System.out.println(controller.getElevator(1).getCurrentFloor());::: 		controller.step();::: 		System.out.println(controller.getElevator(0).getCurrentFloor());::: 		System.out.println(controller.getElevator(1).getCurrentFloor());::: 		controller.step();::: 		System.out.println(controller.getElevator(0).getCurrentFloor());::: 		System.out.println(controller.getElevator(1).getCurrentFloor());::: 		controller.step();::: 		System.out.println(controller.getElevator(0).getCurrentFloor());::: 		System.out.println(controller.getElevator(1).getCurrentFloor());::: 		controller.step();::: 		System.out.println(controller.getElevator(0).getCurrentFloor());::: 		System.out.println(controller.getElevator(1).getCurrentFloor());::: 		controller.step();::: 		System.out.println(controller.getElevator(0).getCurrentFloor());::: 		System.out.println(controller.getElevator(1).getCurrentFloor());]]	[InsertDelta::: position: 3::: lines: [	}::: 
ElevatorController.java,ChangeDelta,		if((Math.abs(direction - passenger.getDirection()) < 2) && (floorDiff * direction >= 0)){,		if((Math.abs(direction - passenger.getDirection()) < 2) || (floorDiff * direction >= 0)){]]	[InsertDelta::: position: 151::: lines: [
ElevatorController.java,ChangeDelta,		if((Math.abs(direction - passenger.getDirection()) < 2) || (floorDiff * direction >= 0)){,		if((Math.abs(direction - passenger.getDirection()) < 0) && (floorDiff * direction >= 0)){]]	[InsertDelta::: position: 151::: lines: [
ElevatorController.java,ChangeDelta,		if((Math.abs(direction - passenger.getDirection()) < 0) && (floorDiff * direction >= 0)){,		if((Math.abs(direction - passenger.getDirection()) < 1) && (floorDiff * direction >= 0)){]]	[InsertDelta::: position: 151::: lines: [
ElevatorController.java,ChangeDelta,		if((Math.abs(direction - passenger.getDirection()) < 1) && (floorDiff * direction >= 0)){,		if((Math.abs(direction - passenger.getDirection()) < -2) && (floorDiff * direction >= 0)){]]	[InsertDelta::: position: 151::: lines: [
ElevatorController.java,ChangeDelta,		if((Math.abs(direction - passenger.getDirection()) < 2) && (floorDiff * direction >= 0)){,		if((Math.abs(direction - passenger.getDirection()) < =2) && (floorDiff * direction >= 0)){]]	[InsertDelta::: position: 151::: lines: [
ElevatorController.java,ChangeDelta,		if((Math.abs(direction - passenger.getDirection()) < =2) && (floorDiff * direction >= 0)){,		if((Math.abs(direction - passenger.getDirection()) <=2) && (floorDiff * direction >= 0)){]]	[InsertDelta::: position: 151::: lines: [
