Elevator_a.java,ChangeDelta,			CurrentDestination = DownGoalFloors;::: 			OppositeDestination = UpGoalFloors;,			CurrentDestination = UpGoalFloors;::: 			OppositeDestination = DownGoalFloors;
Elevator_a.java,ChangeDelta,		if(CurrentFloor == getNextDestination()),		if(CurrentFloor != getNextDestination())
Elevator_a.java,ChangeDelta,			return CurrentFloor;,			return CurrentDestination.first();]]	[ChangeDelta::: position: 97::: lines: [		return CurrentDestination.first();] to [		return CurrentFloor;
Elevator_a.java,ChangeDelta,				OppositeDestination = DownGoalFloors;,				direction = DownGoalFloors;
Elevator_a.java,ChangeDelta,		if(CurrentDestination.size() == 0){,		if(CurrentDestination.size() != 0){
Elevator_a.java,ChangeDelta,			return CurrentFloor;,			return 0;
Elevator_a.java,:\m,,test\projects\101\2488\Elevator_a\src\Elevator_a.ja
