QuickSort_a.java,InsertDelta,,	public static void main(String []args){::: 		int A[] = { 2::: 5::: 1::: 3::: 6::: 1 };::: 		QuickSort_a.quickSort(A::: 0::: A.length - 1);::: 		int[] result = { 1::: 1::: 2::: 3::: 5::: 6 };::: 	}
QuickSort_a.java,DeleteDelta,,	public static void main(String []args){::: 		int A[] = { 2::: 5::: 1::: 3::: 6::: 1 };::: 		QuickSort_a.quickSort(A::: 0::: A.length - 1);::: 		int[] result = { 1::: 1::: 2::: 3::: 5::: 6 };::: 	}
QuickSort_a.java,ChangeDelta,					break;,		//			break;
QuickSort_a.java,ChangeDelta,				if (leftPointer == high),		//	if (leftPointer == high)
QuickSort_a.java,ChangeDelta,		exchange(list::: low::: rightPointer);,		exchange(list::: low::: leftPointer);
QuickSort_a.java,ChangeDelta,,public static void main(String[]args){::: 	System.out.print("12");::: }
QuickSort_a.java,InsertDelta,import static org.junit.Assert.assertArrayEquals;::: ]]	[ChangeDelta::: position: 31::: lines: [	System.out.print("12");,	int A[] = { 2::: 5::: 1::: 3::: 6::: 1 };::: 	QuickSort_a.quickSort(A::: 0::: A.length - 1);::: 	int[] result = { 1::: 1::: 2::: 3::: 5::: 6 };::: 	System.out.println(A[0]+A[1]+A[2]+A[3]+A[4]+A[5]);
QuickSort_a.java,ChangeDelta,	System.out.println(A[0]+A[1]+A[2]+A[3]+A[4]+A[5]);,	System.out.println(A[0]+""+A[1]+""+A[2]+""+A[3]+""+A[4]+""+A[5]);
QuickSort_a.java,ChangeDelta,			while (list[--rightPointer] > pivot) {,			while (list[rightPointer] > pivot) {
QuickSort_a.java,InsertDelta,,				rightPointer++;
QuickSort_a.java,ChangeDelta,				rightPointer++;,				rightPointer=rightPointer-1;
