FindTriple_a.java,ChangeDelta,					} else if (inputList[s] + inputList[e] < negative) {,					} else if (inputList[s] + inputList[e] > negative) {
FindTriple_a.java,ChangeDelta,					} else if (inputList[s] + inputList[e] < negative) {,					} else if ( s < e ) {
FindTriple_a.java,ChangeDelta,					} else if ( s < e ) {,					} else if ( s < e-1 ) {
FindTriple_a.java,ChangeDelta,					} else if ( s < e-1 ) {,					} else if ( inputList[s + 1] != inputList[e] ) {
FindTriple_a.java,ChangeDelta,						e--;,//						e--;
FindTriple_a.java,ChangeDelta,					} else if ( s < e && inputList[s] == inputList[s - 1] ) {,					} else if ( s+1 < e && inputList[s+1] == inputList[s] ) {
FindTriple_a.java,ChangeDelta,					} else if ( s+1 < e && inputList[s+1] == inputList[s] ) {,					} else if ( s+1 < e ) {
FindTriple_a.java,ChangeDelta,					} else if ( s+1 < e ) {::: 						s++;,//					} else if ( s+1 < e ) {::: //						s++;
FindTriple_a.java,ChangeDelta,					} else if ( s+1 < e ) {,					} else if ( inputList[s] + inputList[e] < negative ) {
FindTriple_a.java,DeleteDelta,,						s++;::: 					} else {]]	[InsertDelta::: position: 43::: lines: [					} else {::: 						s++;
FindTriple_a.java,ChangeDelta,//					} else if ( inputList[s] > inputList[s+1] ) {::: //						s++;,					} else if ( inputList[s] > inputList[s+1] ) {::: 						s++;
FindTriple_a.java,ChangeDelta,					} else if ( inputList[s] > inputList[s+1] ) {,					} else if ( inputList[s] == inputList[s+1] ) {
FindTriple_a.java,ChangeDelta,					} else if ( inputList[s] == inputList[s+1] ) {,					} else if ( inputList[s] != inputList[s+1] ) {
FindTriple_a.java,DeleteDelta,,						s++;::: 					} else {]]	[InsertDelta::: position: 43::: lines: [					} else {::: 						s++;
FindTriple_a.java,ChangeDelta,					} else if ( inputList[s] == inputList[s+1] ) {,					} else if ( inputList[s] == inputList[e-1] ) {
FindTriple_a.java,ChangeDelta,					} else if ( inputList[s] == inputList[e-1] ) {,					} else if ( inputList[s] != inputList[e-1] ) {
FindTriple_a.java,ChangeDelta,					} else if ( inputList[s] != inputList[e-1] ) {,					} else if ( inputList[s] < inputList[e-1] ) {
FindTriple_a.java,ChangeDelta,					} else if ( inputList[s] < inputList[e-1] ) {,					} else if ( inputList[s] + inputList[e] < negative  ) {
FindTriple_a.java,ChangeDelta,					} else if ( inputList[s] + inputList[e] < negative  ) {,					} else if ( inputList[s] + inputList[e] > negative  ) {
FindTriple_a.java,ChangeDelta,					} else if ( inputList[s] + inputList[e] > negative  ) {,					} else if ( inputList[s] == inputList[s+1]  ) {
FindTriple_a.java,ChangeDelta,					} else if ( inputList[s] == inputList[s+1]  ) {,					} else  {]]	[ChangeDelta::: position: 41::: lines: [					} else {] to [//					} else {
FindTriple_a.java,ChangeDelta,					} else  {,					} else if ( inputList[s] + inputList[e] != negative ) {]]	[ChangeDelta::: position: 41::: lines: [//					} else {] to [					} else {
FindTriple_a.java,ChangeDelta,					} else if ( inputList[s] + inputList[e] != negative ) {,					} else if ( inputList[s] + inputList[e] > negative ) {
FindTriple_a.java,ChangeDelta,					} else if ( inputList[s] + inputList[e] > negative ) {,					} else if ( inputList[s] != inputList[e] ) {
FindTriple_a.java,ChangeDelta,					} else if ( inputList[s] != inputList[e] ) {,					} else if ( inputList[s] < inputList[e] ) {
FindTriple_a.java,ChangeDelta,					} else if ( inputList[s] < inputList[e] ) {,					} else if ( inputList[s] <= inputList[e] ) {
FindTriple_a.java,ChangeDelta,			if (i == 0 || inputList[i] > inputList[i - 1]) {,			if (i == 0 /*|| inputList[i] > inputList[i - 1]*/) {
FindTriple_a.java,ChangeDelta,					} else if ( inputList[s] <= inputList[e] ) {,					} else if ( inputList[s] + inputList[e] <negative ) {
FindTriple_a.java,ChangeDelta,					} else if ( inputList[s] > inputList[s+1] ) {,					} else if ( inputList[s] > inputList[s+1] && inputList[s] + inputList[e] < negative ) {
FindTriple_a.java,ChangeDelta,					} else if ( inputList[s] > inputList[s+1] && inputList[s] + inputList[e] < negative ) {,					} else if ( inputList[s] > inputList[s+1] || inputList[s] + inputList[e] < negative ) {
FindTriple_a.java,:\m,,test\projects\102\2646\FindTriple_a\src\FindTriple_a.ja
FindTriple_a.java,ChangeDelta,//					} else if ( inputList[s] > inputList[s+1] || inputList[s] + inputList[e] < negative ) {::: //						e--;,					} else if ( inputList[s] > inputList[s+1] || inputList[s] + inputList[e] < negative ) {::: 						s++;
FindTriple_a.java,ChangeDelta,						while (s < e || inputList[e] == inputList[e + 1]),						while (s < e && inputList[e] == inputList[e + 1])
