TicTacToe_b.java,ChangeDelta,                else if (i == Field.FIELD_SIZE - 1),                else if (i == Field.FIELD_SIZE )
TicTacToe_b.java,ChangeDelta,                else if (i == Field.FIELD_SIZE ),                else if (i != Field.FIELD_SIZE -1)
TicTacToe_b.java,ChangeDelta,                else if (i != Field.FIELD_SIZE -1),                else if (i == Field.FIELD_SIZE -1)
TicTacToe_b.java,ChangeDelta,        if (i == 1){,        if (i == 0){
TicTacToe_b.java,ChangeDelta,        for (int idx = 0 ; idx < gameRecord.getSteps().size() ; idx++ ){,        for (int idx = 1 ; idx < gameRecord.getSteps().size() ; idx++ ){
TicTacToe_b.java,ChangeDelta,        	nextMove(1 ::: gameRecord.getSteps());,        	nextMove(0 ::: gameRecord.getSteps());
TicTacToe_b.java,ChangeDelta,        if (moveIndex % 2 != 0),        if (moveIndex % 2 == 0)
