GameHelper.java,ChangeDelta,		comCount++;,		comCount++; for(int i=0;i<alphaCells.size();i++){System.out.print(alphaCells[i])}
GameHelper.java,ChangeDelta,	private int comCount = 0;,	//private int comCount = 0;
GameHelper.java,ChangeDelta,				location += incr; ,				location += comSize//incr; 
GameHelper.java,ChangeDelta,				location += comSize//incr; ,				location += comSize;//incr; 
GameHelper.java,ChangeDelta,,		for(int i:coords){System.out.print(i+" ");}
GameHelper.java,ChangeDelta,				location += incr;//comSize;//incr; ,				location +=i;//comSize;//incr; 
GameHelper.java,ChangeDelta,				location +=i;//comSize;//incr; ,				location +=1;//comSize;//incr; 
GameHelper.java,ChangeDelta,				location +=1;//comSize;//incr; ,				location += 1;//comSize;//incr; 
GameHelper.java,ChangeDelta,				location += incr;//comSize;//incr; ,				location += comSize;//comSize;//incr; 
GameHelper.java,ChangeDelta,				location += comSize;//comSize;//incr; ,				location += gridLength;//comSize;//incr; 
GameHelper.java,ChangeDelta,			incr = gridLength - 1;,			incr = gridLength - 1;System.out.println(comCount);
GameHelper.java,ChangeDelta,			incr = gridLength - 1;,			incr = gridLength //- 1;
GameHelper.java,ChangeDelta,			incr = gridLength //- 1;,			incr = gridLength ;//- 1;
