HeapSort_c.java,ChangeDelta,		int child = 2 * s + 1;,		int child = 2 * s +;
HeapSort_c.java,ChangeDelta,		int child = 2 * s +;,		int child = 2 * s ;
HeapSort_c.java,ChangeDelta,			if (child + 1 < length && H[child] < H[child + 1]) {,			if (child + 1 < length && H[child] > H[child + 1]) {
HeapSort_c.java,InsertDelta,,			for(int i=0;i<A.length;i++){System.out.println(A[i]);}
HeapSort_c.java,:\m,,test\projects\101\2513\HeapSort_c\src\HeapSort_c.ja
HeapSort_c.java,ChangeDelta,			for(int i=0;i<A.length;i++){System.out.println(A[i]);},			for(int i=0;i<A.length;i++){System.out.println(H[i]);}
HeapSort_c.java,ChangeDelta,			build(H::: length);for(int i=0;i<A.length;i++){System.out.println(A[i]);},			build(H::: length);for(int i=0;i<H.length;i++){System.out.println(H[i]);}
HeapSort_c.java,ChangeDelta,				child = 2 * s + 1;::: 			} else {,					child = 2 * s + 1;///
HeapSort_c.java,ChangeDelta,					child = 2 * s + 1;///,					child = 2 * s + 1;//
HeapSort_c.java,ChangeDelta,			build(H::: length);for(int i=0;i<H.length;i++){System.out.println(H[i]);},			build(H::: length);//for(int i=0;i<H.length;i++){System.out.println(H[i]);}
