QuickSort_a.java,ChangeDelta,		exchange(list::: low::: rightPointer);,		exchange(list::: low::: rightPointer+1);
QuickSort_a.java,ChangeDelta,			exchange(list::: leftPointer+1::: rightPointer);,			exchange(list::: leftPointer::: rightPointer);
QuickSort_a.java,ChangeDelta,		if (leftSide < rightSide) {,		if (leftSide <= rightSide) {
QuickSort_a.java,ChangeDelta,			if (leftPointer >= rightPointer),			if (leftPointer > rightPointer)
QuickSort_a.java,ChangeDelta,			quickSort(unSortList::: leftSide::: pivotPosition - 1);::: 			quickSort(unSortList::: pivotPosition::: rightSide);,			quickSort(unSortList::: leftSide::: pivotPosition );::: 			quickSort(unSortList::: pivotPosition + 1::: rightSide);
QuickSort_a.java,ChangeDelta,				break;,			//	break;
QuickSort_a.java,ChangeDelta,		return pivot;,		return low;
QuickSort_a.java,ChangeDelta,		return low;,		return rightPointer;
QuickSort_a.java,ChangeDelta,			if (leftPointer >= rightPointer),			if (leftPointer <= rightPointer)
QuickSort_a.java,ChangeDelta,			if (leftPointer <= rightPointer),			if (leftPointer > rightPointer)
QuickSort_a.java,ChangeDelta,			if (leftPointer > rightPointer),			if (leftPointer == rightPointer)
QuickSort_a.java,ChangeDelta,		exchange(list::: low::: rightPointer);,		exchange(list::: leftPointer::: rightPointer);
QuickSort_a.java,ChangeDelta,		exchange(list::: low::: rightPointer);,		exchange(list::: low::: high);
QuickSort_a.java,ChangeDelta,			exchange(list::: low::: rightPointer);,			exchange(list::: leftPointer::: high);
QuickSort_a.java,ChangeDelta,			exchange(list::: leftPointer::: high);,			exchange(list::: leftPointer::: rightPointer);
QuickSort_a.java,ChangeDelta,		//exchange(list::: low::: rightPointer);,		exchange(list::: leftPointer::: rightPointer);
QuickSort_a.java,ChangeDelta,		exchange(list::: leftPointer::: rightPointer);,		exchange(list::: povit::: rightPointer);
QuickSort_a.java,ChangeDelta,		exchange(list::: povit::: rightPointer);,		exchange(list::: pivot::: rightPointer);
QuickSort_a.java,ChangeDelta,			while (list[--rightPointer] > pivot) {,			while (list[rightPointer--] > pivot) {
QuickSort_a.java,ChangeDelta,			while (list[--rightPointer] > pivot) {,			while (list[rightPointer--] > pivot) {
QuickSort_a.java,:\m,,test\projects\101\2480\QuickSort_a\src\QuickSort_a.ja
QuickSort_a.java,ChangeDelta,			while (list[--rightPointer] > pivot) {,			while (list[rightPointer] > pivot) {::: 				rightPointer--;
