Field.java,ChangeDelta,            for (int j = 0; j < gameField[i].length; ++j),            for (int j = 0; j < gameField.length; ++j)
TicTacToe_a.java,ChangeDelta,            return true;,            return false;
TicTacToe_a.java,ChangeDelta,        		nextMove(idx * 2 ::: gameRecord.getSteps());,        		nextMove(idx * 2 + 1::: gameRecord.getSteps());
TicTacToe_a.java,ChangeDelta,        		nextMove(idx * 2 ::: gameRecord.getSteps());,        		nextMove(idx * 2 + 1::: gameRecord.getSteps());
TicTacToe_a.java,ChangeDelta,        	if (i == 0){,        	if (i != 0)
TicTacToe_a.java,ChangeDelta,        		nextMove(idx * 2 ::: gameRecord.getSteps());,        		nextMove(idx * 2 + 1::: gameRecord.getSteps());
TicTacToe_a.java,ChangeDelta,        		nextMove(idx * 2 + 1::: gameRecord.getSteps());,        		nextMove(idx * 2 + 2::: gameRecord.getSteps());
TicTacToe_a.java,ChangeDelta,        		nextMove(idx * 2 + 2::: gameRecord.getSteps());,        		nextMove(idx * 2 -1::: gameRecord.getSteps());
TicTacToe_a.java,ChangeDelta,        		nextMove(idx * 2  ::: gameRecord.getSteps());,        		nextMove(idx * 2  + 1::: gameRecord.getSteps());
TicTacToe_a.java,ChangeDelta,        if (i == 1){,        if (i != 1){
Field.java,ChangeDelta,        if (cell == DEFAULT_VALUE),        if (cell != DEFAULT_VALUE)
TicTacToe_a.java,ChangeDelta,        if (i == 1){,        if (i != 1){
TicTacToe_a.java,ChangeDelta,        if (moveIndex % 2 == 0),        if (moveIndex % 2 != 0)
TicTacToe_a.java,ChangeDelta,            if (Field.gameField[currentXPos][i] != currentSign),            if (Field.gameField[currentXPos][i] == currentSign)
TicTacToe_a.java,ChangeDelta,            else if (i != Field.FIELD_SIZE - 1),            else if (i != Field.FIELD_SIZE )
TicTacToe_a.java,ChangeDelta,        		nextMove(idx * 2 ::: gameRecord.getSteps());,        		nextMove(idx * 2 +1::: gameRecord.getSteps());
TicTacToe_a.java,ChangeDelta,        		nextMove(idx * 2 ::: gameRecord.getSteps());,        		nextMove(idx  ::: gameRecord.getSteps());
TicTacToe_a.java,ChangeDelta,        		nextMove(idx::: gameRecord.getSteps());,        		nextMove(idx * 2  + 1::: gameRecord.getSteps());
TicTacToe_a.java,ChangeDelta,        		nextMove(idx * 2 ::: gameRecord.getSteps());,        		nextMove(idx  ::: gameRecord.getSteps());
TicTacToe_a.java,ChangeDelta,        		nextMove(idx * 2 ::: gameRecord.getSteps());,        		nextMove(idx * 2 + 1 ::: gameRecord.getSteps());
