ElevatorController.java,ChangeDelta,			if(assigned != null){,			if(assigned == null){]]	[InsertDelta::: position: 151::: lines: [
Elevator_b.java,ChangeDelta,		if(CurrentDestination.size() == 0){,		if(CurrentDestination.size() != 0){
Elevator_b.java,ChangeDelta,		if(CurrentFloor != getNextDestination()),		if(CurrentFloor == getNextDestination())
ElevatorController.java,ChangeDelta,				if(assigned.getDirection() != 0){,				if(assigned.getDirection() == 0){]]	[InsertDelta::: position: 151::: lines: [
Elevator_b.java,ChangeDelta,		if(CurrentDestination.size() == 0){,		if(CurrentDestination.size() != 0){
Elevator_b.java,ChangeDelta,		if(CurrentDestination.size() > 0){,		if(CurrentDestination.size() > =0){
Elevator_b.java,ChangeDelta,		if(CurrentDestination.size() > =0){,		if(CurrentDestination.size() >= 0){
Elevator_b.java,ChangeDelta,		if(CurrentDestination.size() > 0){,		if(CurrentDestination.size() > = 0){
Elevator_b.java,ChangeDelta,		if(CurrentDestination.size() > = 0){,		if(CurrentDestination.size() >= 0){
Elevator_b.java,ChangeDelta,		if(passengerFloor == CurrentFloor){,		if(passengerFloor != CurrentFloor){
Elevator_b.java,ChangeDelta,			if(passengerDirection != 1){,			if(passengerDirection >= 1){
Elevator_b.java,ChangeDelta,			if(passengerDirection != 1){,			if(passengerDirection == 1){
Elevator_b.java,ChangeDelta,		else if(passengerFloor > CurrentFloor){,		else if(passengerFloor > = CurrentFloor){
Elevator_b.java,ChangeDelta,		else if(passengerFloor > = CurrentFloor){,		else if(passengerFloor >= CurrentFloor){
Elevator_b.java,ChangeDelta,		else if(passengerFloor >= CurrentFloor){,		else if(passengerFloor < CurrentFloor){
Elevator_b.java,ChangeDelta,			if(passengerDirection == -1){,			if(passengerDirection == 1){
Elevator_b.java,ChangeDelta,			if(passenger.getDirection() == 1){,			if(passenger.getDirection() != 1){
Elevator_b.java,ChangeDelta,			if(OppositeDestination.size() >= 0){,			if(OppositeDestination.size() > 0){
ElevatorController.java,ChangeDelta,		if((Math.abs(direction - passenger.getDirection()) < 2) && (floorDiff * direction >= 0)){,		if((Math.abs(direction - passenger.getDirection()) < 2) && (floorDiff * direction > 0)){]]	[InsertDelta::: position: 151::: lines: [
ElevatorController.java,ChangeDelta,		if((Math.abs(direction - passenger.getDirection()) < 2) && (floorDiff * direction > 0)){,		if((Math.abs(direction - passenger.getDirection()) < 2) || (floorDiff * direction >= 0)){]]	[InsertDelta::: position: 151::: lines: [
ElevatorController.java,ChangeDelta,		if((Math.abs(direction - passenger.getDirection()) < 2) || (floorDiff * direction >= 0)){,		if((Math.abs(direction - passenger.getDirection()) <= 2) && (floorDiff * direction >= 0)){]]	[InsertDelta::: position: 151::: lines: [
ElevatorController.java,ChangeDelta,				if(elevator.getDirection() == 0)		//Assign a moving elevator in case of tie,				if(elevator.getDirection() != 0)		//Assign a moving elevator in case of tie]]	[InsertDelta::: position: 151::: lines: [
