HeapSort_c.java,ChangeDelta,				++child;,				++s;
HeapSort_c.java,ChangeDelta,			if (child + 1 < length && H[child+1] < H[child]) {,			if (child + 1 < length && H[child] < H[child + 1]) {
HeapSort_c.java,ChangeDelta,				++child;,				child+=2;
HeapSort_c.java,ChangeDelta,			for (int i = length - 1; i >= 0; --i) {,			for (int i = length - 1; i >= 0; i--) {
HeapSort_c.java,ChangeDelta,				++child;,				--child;
HeapSort_c.java,ChangeDelta,			if (child + 1 < length && H[child] < H[child + 1]) {,			if (child + 1 < length && H[child] > H[child + 1]) {
HeapSort_c.java,ChangeDelta,			if (child + 1 < length && H[child] < H[child + 1]) {,			if (child + 1 < length && H[child] < H[length]) {
HeapSort_c.java,ChangeDelta,			if (child + 1 < length && H[child] < H[child + 1]) {,			if (child + 1 < length && H[s] < H[child + 1]) {
HeapSort_c.java,ChangeDelta,			if (child + 1 < length && H[s] < H[child + 1]) {,			if (child + 1 < length || H[child] < H[child + 1]) {
HeapSort_c.java,ChangeDelta,			if (child + 1 < length && H[child] < H[child + 1]) {,			if (child + 1 < length && H[child] <= H[child + 1]) {
HeapSort_c.java,ChangeDelta,			if (child + 1 < length && H[child] < H[child + 1]) {,			if (child + 1 <= length && H[child] < H[child + 1]) {
HeapSort_c.java,ChangeDelta,			if (child + 1 < length && H[child] < H[child + 1]) {,			if (child + 1 < length && H[child] < H[S]) {
HeapSort_c.java,ChangeDelta,			if (child + 1 < length && H[child] < H[S]) {,			if (child + 1 < length && H[child] < H[s]) {
HeapSort_c.java,ChangeDelta,			if (child + 1 < length && H[child] < H[child + 1]) {,			if (child + 1 < length && H[child+1] < H[length]) {
HeapSort_c.java,ChangeDelta,			if (child + 1 < length && H[child] < H[child + 1]) {,			while (child + 1 < length && H[child] < H[child + 1]) {
HeapSort_c.java,ChangeDelta,				++child;,				child+=2;
HeapSort_c.java,ChangeDelta,			while (child + 1 < length && H[child] < H[child + 1]) {,			while (child < length && H[child] < H[child + 1]) {
HeapSort_c.java,ChangeDelta,			while (child + 1 < length && H[child] < H[child + 1]) {,			while (child + 2 < length && H[child] < H[child + 1]) {
HeapSort_c.java,ChangeDelta,			while (child + 1 < length && H[child] < H[child + 1]) {,			while (child + 1 < length && H[child] < H[child + 2]) {
HeapSort_c.java,ChangeDelta,				++child;,				--child;
