TicTacToe_c.java,ChangeDelta,        		nextMove(idx * 2 + 1 ::: gameRecord.getSteps());,        		nextMove(idx * 2 - 1 ::: gameRecord.getSteps());
TicTacToe_c.java,ChangeDelta,        		nextMove(idx * 2 + 1 ::: gameRecord.getSteps());,        		nextMove(idx * 2 - 1 ::: gameRecord.getSteps());
TicTacToe_c.java,ChangeDelta,        		nextMove(idx * 2 + 1 ::: gameRecord.getSteps());,        		nextMove(idx * 2 ::: gameRecord.getSteps());
TicTacToe_c.java,ChangeDelta,        		nextMove(idx * 2 ::: gameRecord.getSteps());,        		nextMove(idx * 2 + 2::: gameRecord.getSteps());
TicTacToe_c.java,ChangeDelta,        		nextMove(idx * 2 + 2::: gameRecord.getSteps());,        		nextMove(idx * 2 + 1::: gameRecord.getSteps());
TicTacToe_c.java,ChangeDelta,        	if (i == 0){,        	if (i == 1){
TicTacToe_c.java,ChangeDelta,    public static final int MAX_NUMBER_OF_MOVES = 9;,    public static final int MAX_NUMBER_OF_MOVES = 8;
TicTacToe_c.java,ChangeDelta,            computer.makeMove(-1);,            computer.makeMove(1);
TicTacToe_c.java,InsertDelta,,            System.out.println(currentSign);
TicTacToe_c.java,DeleteDelta,,            System.out.println(currentSign);
TicTacToe_c.java,InsertDelta,,            	System.out.println(Field.gameField[currentXPos][i]+";"+currentSign);
TicTacToe_c.java,ChangeDelta,            	System.out.println(Field.gameField[currentXPos][i]+";"+currentSign);,            	System.out.println(currentXPos+";"+Field.gameField[currentXPos][i]+";"+currentSign);
TicTacToe_c.java,DeleteDelta,,            	System.out.println(currentXPos+";"+Field.gameField[currentXPos][i]+";"+currentSign);]]	[InsertDelta::: position: 155::: lines: [            System.out.println(currentXPos+";"+Field.gameField[currentXPos][i]+";"+currentSign);
TicTacToe_c.java,DeleteDelta,,            System.out.println(currentXPos+";"+Field.gameField[currentXPos][i]+";"+currentSign);
TicTacToe_c.java,ChangeDelta,        for (int idx = 0 ; idx < gameRecord.getSteps().size() ; idx++ ){,        for (int idx = 0 ; idx < gameRecord.getSteps().size() -1; idx++ ){
TicTacToe_c.java,ChangeDelta,        for (int idx = 0 ; idx < gameRecord.getSteps().size() ; idx++ ){,        for (int idx = 0 ; idx <= gameRecord.getSteps().size() ; idx++ ){
TicTacToe_c.java,InsertDelta,,            	System.out.println(currentSign);
TicTacToe_c.java,DeleteDelta,,            	System.out.println(currentSign);
TicTacToe_c.java,InsertDelta,,        		if (isEndOfGame()){:::         			break;:::         		}
TicTacToe_c.java,InsertDelta,,        		if (isEndOfGame()){:::         			break;:::         		}
TicTacToe_c.java,:\m,,test\projects\101\2500\TicTacToe_c\src\TicTacToe_c.ja
