FindTriple_c.java,ChangeDelta,					} else if (inputList[s - 1] + inputList[e] < negative) {,					} else if (inputList[s - 1] + inputList[e] <= negative) {//
FindTriple_c.java,ChangeDelta,						while (s <= e && inputList[s] == inputList[s - 1]),						while (s < e && inputList[s] <= inputList[s - 1])
FindTriple_c.java,ChangeDelta,						while (s < e && inputList[s] <= inputList[s - 1]),						while (s < e && inputList[s] == inputList[s - 1])
FindTriple_c.java,ChangeDelta,						e--;,						e++;
FindTriple_c.java,ChangeDelta,					} else if (inputList[s - 1] + inputList[e] < negative) {,					} else if (inputList[s - 1] + inputList[e] > negative) {
FindTriple_c.java,ChangeDelta,					} else if (inputList[s - 1] + inputList[e] > negative) {,					} else if (inputList[s] + inputList[e] < negative) {
