ElevatorController.java,ChangeDelta,				if(Elevator_a.getDirection() != 0)		//Assign a moving Elevator_a in case of tie,				if(Elevator_a.getDirection() == 0)		//Assign a moving Elevator_a in case of tie]]	[InsertDelta::: position: 151::: lines: [
ElevatorController.java,ChangeDelta,				,				System.out.println("1");]]	[InsertDelta::: position: 151::: lines: [
ElevatorController.java,ChangeDelta,				System.out.println("1");,				System.out.println();]]	[InsertDelta::: position: 151::: lines: [
ElevatorController.java,DeleteDelta,,				System.out.println();]]	[InsertDelta::: position: 151::: lines: [
ElevatorController.java,ChangeDelta,			else if(Math.abs(assigned.getCurrentFloor() - passenger.getFloor()) > Math.abs(floorDiff)){,			else if(Math.abs(assigned.getCurrentFloor() - passenger.getFloor()) < Math.abs(floorDiff)){]]	[InsertDelta::: position: 150::: lines: [
Elevator_a.java,ChangeDelta,		if(CurrentDestination.size() != 0){,		if(CurrentDestination.size() == 0){
