HeapSort_a.java,ChangeDelta,				s = child;,				s = 2*s+1;
HeapSort_a.java,ChangeDelta,			for (int i = length - 1; i >= 0; --i) {,			for (int i = length - 1; i >= 0; i--) {
HeapSort_a.java,ChangeDelta,			build(H::: length);,			]]	[InsertDelta::: position: 34::: lines: [			build(H::: length);
HeapSort_a.java,ChangeDelta,		for (int i = (length - 1) / 2; i > 0; i--) {,		for (int i = (length / 2) -1; i > 0; i--) {
HeapSort_a.java,ChangeDelta,		for (int i = (length - 1) / 2; i > 0; i--) {,		for (int i = (length - 1) / 2; i >= 0; i--) {
