FindTriple_a.java,InsertDelta,,	public void print(ArrayList<ArrayList<Integer>> myinput){::: 	  for(ArrayList<Integer> mydd:myinput){::: 	  System.out.println(mydd.get(0)+":"+mydd.get(1)+":"+mydd.get(2)+":");::: 	  }::: 	}::: 	
FindTriple_a.java,ChangeDelta,	public void print(ArrayList<ArrayList<Integer>> myinput){,	public static void print(ArrayList<ArrayList<Integer>> myinput){
FindTriple_a.java,ChangeDelta,	public static void print(ArrayList<ArrayList<Integer>> myinput){,	public static void printm(ArrayList<ArrayList<Integer>> myinput){
FindTriple_a.java,DeleteDelta,,	public static void printm(ArrayList<ArrayList<Integer>> myinput){::: 	  for(ArrayList<Integer> mydd:myinput){::: 	  System.out.println(mydd.get(0)+":"+mydd.get(1)+":"+mydd.get(2)+":");::: 	  }::: 	}]]	[InsertDelta::: position: 56::: lines: [	
FindTriple_a.java,ChangeDelta,						while (s < e || inputList[e] == inputList[e + 1]),						while (s < e && inputList[e] == inputList[e + 1])
