MazeSearcher_c.java,ChangeDelta,		if (maze.length - 1 == current.x::: 				&& maze[maze.length - 1].length - 1 == current.y,		if (maze.length - 1 >= current.x::: 				&& maze[maze.length - 1].length - 1 >= current.y
MazeSearcher_c.java,ChangeDelta,		if (maze.length - 1 == current.x::: 				&& maze[maze.length - 1].length - 1 == current.y,		if (maze.length - 1 >= current.x::: 				&& maze[maze.length - 1].length - 1 >= current.y
MazeSearcher_c.java,InsertDelta,,			currentPath = null;
MazeSearcher_c.java,ChangeDelta,//			printCurrentPath();,			printCurrentPath();
MazeSearcher_c.java,ChangeDelta,				&& current.y + 1 < maze[current.x + 1].length) {,				&& current.y + 1 < maze[maze.length - 1].length) {]]	[ChangeDelta::: position: 301::: lines: [		if (current.y + 1 < maze[current.x].length) {] to [		if (current.y + 1 < maze[maze.length - 1].length) {
MazeSearcher_c.java,ChangeDelta,		} while ((movables != null && !movables.isEmpty()) && !stack.isEmpty()); // continue loop if still movable or backtrackable,		} while (!(movables != null && !movables.isEmpty()) && !stack.isEmpty()); // continue loop if still movable or backtrackable
