Elevator_b.java,ChangeDelta,		direction = 0; ,		direction = 1; 
Elevator_b.java,:\m,,test\projects\102\2595\Elevator_b\src\Elevator_b.ja
ElevatorController.java,InsertDelta,,		]]	[InsertDelta::: position: 151::: lines: [
ElevatorController.java,ChangeDelta,		,		step();]]	[InsertDelta::: position: 152::: lines: [
ElevatorController.java,DeleteDelta,,		step();]]	[InsertDelta::: position: 152::: lines: [
ElevatorController.java,ChangeDelta,			else if(Math.abs(assigned.getCurrentFloor() - passenger.getFloor()) > Math.abs(floorDiff)){,			if(Math.abs(assigned.getCurrentFloor() - passenger.getFloor()) > Math.abs(floorDiff)){]]	[InsertDelta::: position: 151::: lines: [
ElevatorController.java,ChangeDelta,			else if(Math.abs(assigned.getCurrentFloor() - passenger.getFloor()) > Math.abs(floorDiff)){,			if(Math.abs(assigned.getCurrentFloor() - passenger.getFloor()) > Math.abs(floorDiff)){]]	[InsertDelta::: position: 151::: lines: [
ElevatorController.java,ChangeDelta,				if(elevator.getDirection() == 0)		//Assign a moving elevator in case of tie,				if(elevator.getDirection() != 0)		//Assign a moving elevator in case of tie]]	[InsertDelta::: position: 151::: lines: [
