Passenger.java,:\m,,test\projects\101\2543\Elevator_a\src\Passenger.ja
Elevator_a.java,:\m,,test\projects\101\2543\Elevator_a\src\Elevator_a.ja
Elevator_a.java,ChangeDelta,			direction = passengerDirection;,			passengerDirection = passengerDirection;
Elevator_a.java,ChangeDelta,			removeFloor();,			addNewFloor(CurrentFloor);]]	[ChangeDelta::: position: 132::: lines: [			if(direction == 1){] to [			if(passengerDirection == 1){
Elevator_a.java,InsertDelta,,	public static void main(){::: 		ElevatorController controller = new ElevatorController(1::: 10);::: 		Passenger p1 = new Passenger(1::: 6::: 1);::: 		controller.pickup(p1);::: 		::: 	}
ElevatorController.java,ChangeDelta,		if((Math.abs(direction - passenger.getDirection()) < 2) && (floorDiff * direction >= 0)){,		if((Math.abs(direction - passenger.getDirection()) < 2) || (floorDiff * direction >= 0)){
ElevatorController.java,ChangeDelta,		if((Math.abs(direction - passenger.getDirection()) < 2) && (floorDiff * direction >= 0)){,		if((Math.abs(direction - passenger.getDirection()) < 2) && (floorDiff * direction <= 0)){
ElevatorController.java,ChangeDelta,			Elevator_a.moveDown();,			Elevator_a.moveUp();
