FindTriple_a.java,ChangeDelta,					} else if (inputList[s] + inputList[e] < negative) {,					} else if (inputList[s] + inputList[e] > negative) {
FindTriple_a.java,ChangeDelta,						e--;,						e++;
FindTriple_a.java,ChangeDelta,					if (inputList[s] + inputList[e] == negative) {,					if (inputList[s] + inputList[e] > negative) {
FindTriple_a.java,ChangeDelta,					} else if (inputList[s] + inputList[e] < negative) {,					} else if (inputList[s] + inputList[e] > negative) {
FindTriple_a.java,ChangeDelta,						s++;,						s--;
