Main.java,dd ,,mooctest\projects\102\2651\BoatBomb_a\src\Main.ja
Main.java,InsertDelta,,import static org.junit.Assert.assertEquals;]]	[InsertDelta::: position: 1::: lines: [import java.util.ArrayList;::: ::: ]]	[DeleteDelta::: position: 4::: lines: [		// TODO Auto-generated method stub]]	[InsertDelta::: position: 6::: lines: [		BoatBomb_a game = new BoatBomb_a();::: 		int[] c={9:::13:::35};::: 		game.setUpGame(7:::3:::c);::: 		ArrayList<Boat> boats = game.getBoatsList();::: 		System.out.println(boats.get(0).printAllLocationCells());::: 		//assertEquals("Boat1:c1 d1 e1 "::: boats.get(0).printAllLocationCells());
GameHelper.java,ChangeDelta,	public String getUserInput(String prompt) {,	public String dgetUserInput(String prompt) {
BoatBomb_a.java,ChangeDelta,	private void startPlaying() {,	private void dstartPlaying() {
BoatBomb_a.java,DeleteDelta,,	private void dstartPlaying() {::: 		while (!boatsList.isEmpty()) {::: 			String userGuess = helper.getUserInput("Enter a guess");::: 			checkUserGuess(userGuess);::: 		}::: 		finishGame();::: 	}
BoatBomb_a.java,DeleteDelta,,	private int numOfGuesses = 0;]]	[DeleteDelta::: position: 29::: lines: [	private void checkUserGuess(String userGuess) {::: 		numOfGuesses++;::: 		ResultType result = ResultType.Miss;::: ::: 		for (Boat dotComToTest : boatsList) {::: ::: 			result = dotComToTest.checkYourself(userGuess);::: 			if (result == ResultType.Hit) {::: 				break;::: 			}::: 			if (result == ResultType.Kill) {::: 				boatsList.remove(dotComToTest);::: 				break;::: 			}::: 		}::: ::: 		System.out.println(result);::: 	}::: ::: 	private void finishGame() {::: 		System.out.println("All Boats are dead!");::: 		if (numOfGuesses <= 9) {::: 			System.out.println("It only took you " + numOfGuesses::: 					+ " guesses.  You get the Enron award!");::: 		} else {::: 			System.out.println("Took you long enough. " + numOfGuesses::: 					+ " guesses.");::: 			System.out::: 					.println("Too bad you didn't get out before your options sank.");::: 		}::: 	}::: 
GameHelper.java,InsertDelta,,			System.out.println(column);
GameHelper.java,ChangeDelta,			System.out.println(column);,			System.out.println(alphabet.charAt(column));
GameHelper.java,ChangeDelta,				if (location >= gridSize) { ,				if (location > gridSize) { 
GameHelper.java,ChangeDelta,				if (nth > 0 && (location % gridLength != 0)) { ,				if (nth >= 0 && (location % gridLength == 0)) { 
GameHelper.java,ChangeDelta,				if (nth >= 0 && (location % gridLength == 0)) { ,				if (nth > 0 && (location % gridLength == 0)) { 
GameHelper.java,ChangeDelta,		if ((comCount % 2) == 1) { ,		if ((comCount % 2) == 0) { 
GameHelper.java,ChangeDelta,			column = coords[x] % gridLength;,			column = coords[row] % gridLength;
GameHelper.java,ChangeDelta,			column = coords[row] % gridLength;,			column = coords[row-1] % gridLength;
GameHelper.java,ChangeDelta,			column = coords[x] % gridLength;,			column = x % gridLength;
GameHelper.java,ChangeDelta,			System.out.println(column);,			System.out.println(coords[x]);
GameHelper.java,ChangeDelta,			column = coords[x] % gridLength;,			column = (coords[x]+comSize) % gridLength;
GameHelper.java,ChangeDelta,			column = (coords[x]+comSize) % gridLength;,			column = (coords[x]-comSize) % gridLength;
GameHelper.java,ChangeDelta,			column = (coords[x]-comSize) % gridLength;,			column = (comSize-coords[x]) % gridLength;
GameHelper.java,ChangeDelta,			column = (comSize-coords[x]) % gridLength;,			column = (gridLength-coords[x]) % (gridLength);
GameHelper.java,ChangeDelta,			column = (gridLength-coords[x]) % (gridLength);,			column = gridLength-(coords[x]) % (gridLength);
GameHelper.java,ChangeDelta,			column = gridLength-(coords[x]) % (gridLength);,			column = (location) % (gridLength);
GameHelper.java,ChangeDelta,		int incr = 0; ,		int incr = 1; 
GameHelper.java,ChangeDelta,		int incr = 0; ,		int incr = 1; 
