HeapSort_b.java,ChangeDelta,			if (child + 1 < length && H[child] < H[child + 1]) {,			if (child + 1 <= length && H[child] < H[child + 1]) {
HeapSort_b.java,ChangeDelta,			if (child + 1 < length && H[child] < H[child + 1]) {,			if (child + 1 < length && H[child] <= H[child + 1]) {
HeapSort_b.java,ChangeDelta,			if (child + 1 < length && H[child] < H[child + 1]) {,			if (s + 1 < length && H[s] < H[s]) {
HeapSort_b.java,ChangeDelta,			if (s + 1 < length && H[s] < H[s]) {,			if (child+ 1 < length && H[child] < H[child+1]) {
HeapSort_b.java,ChangeDelta,				++child;,				++s;
HeapSort_b.java,ChangeDelta,			if (child+ 1 < length && H[child] < H[child+1]) {,			if (child+ 1 <= length && H[child] < H[child+1]) {
HeapSort_b.java,ChangeDelta,			if (child+ 1 < length && H[child] < H[child+1]) {,			if (child+ 1 < length && H[child] > H[child+1]) {
HeapSort_b.java,ChangeDelta,		int child = 2 * s;,		int child =  s;]]	[ChangeDelta::: position: 11::: lines: [				child = 2 * s + 1;] to [				child =  s + 1;
HeapSort_b.java,ChangeDelta,		int child =  s;,		int child =  2*s;]]	[ChangeDelta::: position: 11::: lines: [				child =  s + 1;] to [				child = 2* s + 1;
HeapSort_b.java,ChangeDelta,				s = child;::: 				child = 2 * s + 1;,				s = child+1;::: 				child = s + 1;
HeapSort_b.java,ChangeDelta,				adjust(H::: 0::: i);,				adjust(H::: 1::: i);
HeapSort_b.java,ChangeDelta,				s = child;,				]]	[InsertDelta::: position: 12::: lines: [				s = child;
HeapSort_b.java,ChangeDelta,				s=child,				s=child;
HeapSort_b.java,ChangeDelta,			if (H[s] < H[child]) {,			if (H[s] >H[child]) {
HeapSort_b.java,ChangeDelta,			if (H[s] >H[child]) {,			if (H[s] > H[child]) {
HeapSort_b.java,ChangeDelta,		int child = 2 * s;,		int child = 2 * s+1;
HeapSort_b.java,ChangeDelta,		int child = 2 * s;,		int child = 2 * s+1;
