FindTriple_a.java,ChangeDelta,						e--;,						e++;
FindTriple_a.java,ChangeDelta,		for (int i = 0; i < inputList.length - 1; i++) {,		for (int i = 0; i < inputList.length - 2; i++) {]]	[ChangeDelta::: position: 39::: lines: [					} else if (inputList[s] + inputList[e] < negative) {] to [					} else if (inputList[s] + inputList[e] <= negative) {
FindTriple_a.java,ChangeDelta,					} else if (inputList[s] + inputList[e] <= negative) {,					} else if (inputList[s] + inputList[e] < negative) {
FindTriple_a.java,ChangeDelta,					} else if (inputList[s] + inputList[e] < negative) {,					} else if (inputList[s] + inputList[e] > negative) {
FindTriple_a.java,ChangeDelta,						while (s < e || inputList[e] == inputList[e + 1]),						while (s < e && inputList[e] == inputList[e + 1])
