GameHelper.java,ChangeDelta,			if (grid[location] == 0) {,			if (grid[location] != 0) {
GameHelper.java,ChangeDelta,				if (nth > 0 && (location % gridLength == 0)) { ,				if (nth > 0 && (location % gridLength != 0)) { 
GameHelper.java,ChangeDelta,			if (grid[location] == 0) {,			if (grid[location] != 0) {
GameHelper.java,ChangeDelta,			row = (int) (coords[x] / gridLength); ,			row = (int) (coords[x] % gridLength); 
GameHelper.java,ChangeDelta,		if ((comCount % 2) == 1) { ,		if ((comCount % 2) == 0) { 
GameHelper.java,ChangeDelta,		int incr = 0; ,		int incr = 1; 
