MazeSearcher_a.java,ChangeDelta,		} while ((movables != null && !movables.isEmpty()) || !stack.isEmpty()); // continue loop if still movable or backtrackable,		} while ((movables != null && !movables.isEmpty()) && !stack.isEmpty()); // continue loop if still movable or backtrackable
MazeSearcher_a.java,ChangeDelta,		} while ((movables != null && !movables.isEmpty()) || !stack.isEmpty()); // continue loop if still movable or backtrackable,		} while ((movables != null || !movables.isEmpty()) || !stack.isEmpty()); // continue loop if still movable or backtrackable
MazeSearcher_a.java,ChangeDelta,		} while ((movables != null && !movables.isEmpty()) || !stack.isEmpty()); // continue loop if still movable or backtrackable,		} while ((movables != null || !movables.isEmpty()) || !stack.isEmpty()); // continue loop if still movable or backtrackable
MazeSearcher_a.java,ChangeDelta,		if (maze[next.x][next.y] != 0) {,		if (maze[next.x][next.y] == 0) {
MazeSearcher_a.java,ChangeDelta,		if (isExit(current)) {,		if (!isExit(current)) {
MazeSearcher_a.java,ChangeDelta,				if (!stack.isEmpty() && !currentPath.isEmpty()) {,				if (!stack.isEmpty() && currentPath.isEmpty()) {
MazeSearcher_a.java,ChangeDelta,			movables = searchNext(current::: pre);,			//movables = searchNext(current::: pre);
