SubSequence_a.java,ChangeDelta,		for (int i = 1; i <= longSeq.length(); i++) {::: 			for (int j = 1; j <= shortSeq.length(); j++) {,		for (int i = 0; i <= longSeq.length(); i++) {::: 			for (int j = 0; j <= shortSeq.length(); j++) {
SubSequence_a.java,ChangeDelta,			helperTable[i][0] = 1;,			helperTable[i][0] = 0;
SubSequence_a.java,ChangeDelta,					helperTable[i][j] += helperTable[i - 1][j];,					helperTable[i][j] +=0;
SubSequence_a.java,ChangeDelta,		return helperTable[longSeq.length()][shortSeq.length()];,		return helperTable[longSeq.length()+1][shortSeq.length()+1];
SubSequence_a.java,ChangeDelta,				if (longSeq.charAt(i - 1) == shortSeq.charAt(j - 1)) {,				if (longSeq.charAt(i - 1) != shortSeq.charAt(j - 1)) {
SubSequence_a.java,ChangeDelta,					helperTable[i][j] += helperTable[i - 1][j]::: 							+ helperTable[i][j - 1];,					helperTable[i][j] += helperTable[i - 1][j-1];
SubSequence_a.java,ChangeDelta,		for (int i = 0; i < longSeq.length(); i++),		for (int i = 0; i <= longSeq.length(); i++)
SubSequence_a.java,InsertDelta,,					System.out.println(helperTable[i][j]);
SubSequence_a.java,ChangeDelta,					System.out.println(helperTable[i][j]);,					System.out.println(longSeq.charAt(i - 1)+" "+helperTable[i][j]);
SubSequence_a.java,DeleteDelta,,					System.out.println(longSeq.charAt(i - 1)+" "+helperTable[i][j]);
SubSequence_a.java,InsertDelta,,					System.out.println();
SubSequence_a.java,DeleteDelta,,					System.out.println();
SubSequence_a.java,InsertDelta,,					System.out.println(helperTable[i - 1][j]::: 							+" "+ helperTable[i][j - 1]);
SubSequence_a.java,ChangeDelta,		for (int i = 0; i < longSeq.length(); i++),		for (int i = 0; i < longSeq.length()+1; i++)
SubSequence_a.java,ChangeDelta,		for (int i = 0; i < longSeq.length(); i++),		for (int i = 0; i <= longSeq.length(); i++)
SubSequence_a.java,ChangeDelta,,        ::: 		for(int i=0;i<=longSeq.length();i++){::: 			for(int j=0;j<=shortSeq.length();j++){::: 				helperTable[i][j]=0;::: 			}::: 		}::: 		
SubSequence_a.java,DeleteDelta,,        ::: 		for(int i=0;i<=longSeq.length();i++){::: 			for(int j=0;j<=shortSeq.length();j++){::: 				helperTable[i][j]=0;::: 			}::: 		}
SubSequence_a.java,DeleteDelta,,					System.out.println(helperTable[i - 1][j]::: 							+" "+ helperTable[i][j - 1]);
SubSequence_a.java,ChangeDelta,					helperTable[i][j] += helperTable[i - 1][j]::: 							+ helperTable[i][j - 1];,					helperTable[i][j] += ::: 							 helperTable[i][j - 1];
SubSequence_a.java,ChangeDelta,		int[][] helperTable = new int[longSeq.length() + 1][shortSeq.length() + 1];,		int[][] helperTable = new int[longSeq.length()][shortSeq.length() ];
SubSequence_a.java,InsertDelta,,		helperTable[longSeq.length()][0]=1;
SubSequence_a.java,ChangeDelta,					helperTable[i][j] += helperTable[i - 1][j],					helperTable[i][j] = helperTable[i - 1][j]
SubSequence_a.java,ChangeDelta,		return helperTable[longSeq.length()][shortSeq.length()];,		return helperTable[longSeq.length()][shortSeq.length()]+1;
SubSequence_a.java,InsertDelta,,					if(i==longSeq.length()&&j==shortSeq.length()){::: 						helperTable[i][j]+=1;::: 					}
SubSequence_a.java,DeleteDelta,,					if(i==longSeq.length()&&j==shortSeq.length()){::: 						helperTable[i][j]+=1;::: 					}
SubSequence_a.java,ChangeDelta,		for (int i = 1; i <= longSeq.length(); i++) {,		]]	[InsertDelta::: position: 15::: lines: [				for (int i = 1; i <= longSeq.length(); i++) {
SubSequence_a.java,ChangeDelta,		for (int i = 0; i < longSeq.length(); i++),		for (int i = 0; i <= longSeq.length(); i++)
SubSequence_a.java,ChangeDelta,		,		if(longSeq.length()==0){::: 			helperTable[0][0]=0;::: 		}
SubSequence_a.java,ChangeDelta,					helperTable[i][j] += helperTable[i - 1][j];,					helperTable[i][j] += helperTable[i - 1][shortSeq.length()];
SubSequence_a.java,ChangeDelta,		for (int i = 0; i < longSeq.length(); i++),		for (int i = 0; i <= longSeq.length(); i++)]]	[ChangeDelta::: position: 12::: lines: [		] to [		if(longSeq.length()==0){::: 			helperTable[0][0]=0;::: 		}
SubSequence_a.java,ChangeDelta,					helperTable[i][j] += helperTable[i - 1][j];,					helperTable[i][j] += helperTable[i ][j-1];
SubSequence_a.java,ChangeDelta,		return helperTable[longSeq.length()][shortSeq.length()];,		return helperTable[longSeq.length()+1][shortSeq.length()];
SubSequence_a.java,ChangeDelta,					helperTable[i][j] += helperTable[i - 1][j] + helperTable[i][j - 1];,					helperTable[i][j] +=( helperTable[i - 1][j] + helperTable[i][j - 1]);
SubSequence_a.java,ChangeDelta,					helperTable[i][j] +=( helperTable[i - 1][j] + helperTable[i][j - 1]);,					helperTable[i][j] =( helperTable[i - 1][j] + helperTable[i][j - 1]);
SubSequence_a.java,ChangeDelta,				if (longSeq.charAt(i - 1) == shortSeq.charAt(j - 1)) {,				if (shortSeq.charAt(j - 1)==longSeq.charAt(i - 1)) {
