HeapSort_c.java,ChangeDelta,			for (int i = length - 1; i >= 0; --i) {,			for (int i = length - 1; i >= 0; i--) {
HeapSort_c.java,InsertDelta,,			System.out.println("build:"+i);
HeapSort_c.java,ChangeDelta,			System.out.println("build:"+i);,//			System.out.println("build:"+i);
HeapSort_c.java,ChangeDelta,		for (int i = (length - 1) / 2; i >= 0; i--) {,//		for (int i = (length - 1) / 2; i >= 0; i--) {::: 		for(int i=(length/2);i>=0;--i)
HeapSort_c.java,ChangeDelta,		for(int i=(length/2);i>=0;--i),		for(int i=(length/2);i>=0;--i){
HeapSort_c.java,ChangeDelta,		for(int i=(length/2);i>=0;--i){,		for(int i=(length/2);i>=0;i--){
HeapSort_c.java,ChangeDelta,		while (child < length) {,		while (child <= length) {
HeapSort_c.java,ChangeDelta,				child = 2 * s + 2;,				child = 2 * s + 1;
