Elevator_a.java,ChangeDelta,			OppositeDestination = UpGoalFloors;,			OppositeDestination = DownGoalFloors;
Elevator_a.java,ChangeDelta,			if(passengerDirection == 1){,			if(passengerDirection == -1){
Elevator_a.java,ChangeDelta,		if(direction == 1){,		if(direction == -1){]]	[ChangeDelta::: position: 67::: lines: [		else if(direction == -1){] to [		else if(direction == 1){
Elevator_a.java,ChangeDelta,		if(CurrentFloor == getNextDestination()),		if(CurrentFloor != getNextDestination())
Elevator_a.java,ChangeDelta,			if(OppositeDestination.size() > 0){,			if(OppositeDestination.size() < 0){
Elevator_a.java,ChangeDelta,			if(passengerDirection == 1){,			if(passengerDirection == -1){
Elevator_a.java,ChangeDelta,		if(passengerFloor == CurrentFloor){,		if(passengerFloor != CurrentFloor){
Elevator_a.java,ChangeDelta,			if(OppositeDestination.size() < 0){,			if(OppositeDestination.size() <= 0){
Elevator_a.java,ChangeDelta,		else if(passengerFloor > CurrentFloor){,		else if(passengerFloor < CurrentFloor){
Elevator_a.java,ChangeDelta,			if(passengerDirection == 1){,			if(passengerDirection == -1){
Elevator_a.java,ChangeDelta,			if(OppositeDestination.size() < 0){,			if(OppositeDestination.size() <=0){
Elevator_a.java,ChangeDelta,				PendingRequests = UpPendingRequests;,				PendingRequests = DownGoalFloors;
Elevator_a.java,ChangeDelta,				PendingRequests = DownGoalFloors;,				PendingRequests = DownPendingRequests;
