Boat.java,ChangeDelta,		},		}System.out.println(sb.toString());
GameHelper.java,ChangeDelta,				success = false;,				success = true;
GameHelper.java,ChangeDelta,				if (nth > 0 && (location % gridLength == 0)) { ,				if (nth > 0 || (location % gridLength == 0)) { 
GameHelper.java,ChangeDelta,		,		comCount++;
Boat.java,ChangeDelta,		System.out.println(boats.get(2).printAllLocationCells());,		System.out.println(boats.get(1).printAllLocationCells());
GameHelper.java,ChangeDelta,,			]]	[ChangeDelta::: position: 99::: lines: [		comCount++;] to [		comCount++;System.out.println(coords[0]+" "+coords[1]+" "+coords[2]+" "+coords[3]+" ");
GameHelper.java,ChangeDelta,		comCount++;System.out.println(coords[0]+" "+coords[1]+" "+coords[2]+" "+coords[3]+" ");,		comCount++;System.out.println(coords[0]+" "+coords[1]+" "+coords[2]+" ");
GameHelper.java,ChangeDelta,			grid[coords[x]] = 0; ,			grid[coords[x]] = 1; 
