QuickSort_b.java,ChangeDelta,		int rightPointer = high + 1;,		int rightPointer = high - 1;
QuickSort_b.java,ChangeDelta,			while (list[++leftPointer] < pivot) {,			while (list[leftPointer++] < pivot) {
QuickSort_b.java,ChangeDelta,		int rightPointer = high + 1;,		int rightPointer = high ;
QuickSort_b.java,ChangeDelta,		int leftPointer = low;,		int leftPointer = low-1;
QuickSort_b.java,ChangeDelta,			if (leftPointer > rightPointer),			if (leftPointer < rightPointer)
QuickSort_b.java,ChangeDelta,		exchange(list::: low::: rightPointer);,//		exchange(list::: low::: rightPointer);
QuickSort_b.java,ChangeDelta,			if (leftPointer > rightPointer),			if (leftPointer == rightPointer)
QuickSort_b.java,ChangeDelta,			if (leftPointer == rightPointer),			if (leftPointer >= rightPointer)
