GameHelper.java,ChangeDelta,				coords[nth++] = location; ,				coords[++nth] = location; 
GameHelper.java,ChangeDelta,		if ((comCount % 2) == 1) { ,		if ((comCount % 2) == 0) { 
GameHelper.java,ChangeDelta,					success = false; ,					success = true; 
GameHelper.java,ChangeDelta,					success = false; ,					success = true; 
GameHelper.java,ChangeDelta,				if (location >= gridSize) { ,				if (location >= gridSize) { System.out.println("gridsize:"+gridSize);
GameHelper.java,ChangeDelta,		if ((comCount % 2) == 1) { ,		if ((comCount % 2) == 0) { 
GameHelper.java,ChangeDelta,		if ((comCount % 2) == 1) { ,		if ((comCount / 2) == 1) { 
GameHelper.java,ChangeDelta,			incr = gridLength;,			incr = gridSize;]]	[ChangeDelta::: position: 91::: lines: [			grid[coords[x]] = 0; ] to [			grid[coords[x]] = 0;  
GameHelper.java,ChangeDelta,		}System.out.println("nth"+nth);,		}
GameHelper.java,ChangeDelta,				if (location >= gridSize) { ,				if (location > gridSize) { 
GameHelper.java,ChangeDelta,				if (nth > 3 && (location % gridLength == 0)) { ,				if (nth > 2 && (location % gridLength == 0)) { 
