QuickSort_a.java,InsertDelta,,		System.out.println(resutlt);
QuickSort_a.java,ChangeDelta,		System.out.println(resutlt);,		System.out.println(unSortList);
QuickSort_a.java,ChangeDelta,			quickSort(unSortList::: leftSide::: pivotPosition - 1);,			quickSort(unSortList::: leftSide::: pivotPosition );
QuickSort_a.java,ChangeDelta,			quickSort(unSortList::: leftSide::: pivotPosition - 1);,			quickSort(unSortList::: leftSide::: pivotPosition );
QuickSort_a.java,ChangeDelta,			quickSort(unSortList::: pivotPosition + 1::: rightSide);,			quickSort(unSortList::: pivotPosition ::: rightSide);
QuickSort_a.java,ChangeDelta,			while (list[++leftPointer] < pivot) {,			while (list[leftPointer++] < pivot) {]]	[ChangeDelta::: position: 20::: lines: [			while (list[--rightPointer] > pivot) {] to [			while (list[rightPointer--] > pivot) {
QuickSort_a.java,ChangeDelta,			quickSort(unSortList::: leftSide::: pivotPosition );,			quickSort(unSortList::: leftSide::: pivotPosition-1 );
QuickSort_a.java,ChangeDelta,			while (list[rightPointer--] > pivot) {,			while (list[--rightPointer] > pivot) {
QuickSort_a.java,ChangeDelta,			while (list[++leftPointer] < pivot) {,			while (list[leftPointer] < pivot) {
QuickSort_a.java,InsertDelta,,				leftPointer++;
QuickSort_a.java,ChangeDelta,			while (list[--rightPointer] > pivot) {,			while (list[rightPointer] > pivot) {::: 				leftPointer++;
QuickSort_a.java,ChangeDelta,				leftPointer++;,				leftPointer--;
QuickSort_a.java,ChangeDelta,			while (list[++leftPointer] < pivot) {,			while (list[leftPointer] < pivot) {
QuickSort_a.java,ChangeDelta,			while (list[--rightPointer] > pivot) {,			while (list[rightPointer] > pivot) {::: 				rightPointer--;
QuickSort_a.java,ChangeDelta,		},		}		
QuickSort_a.java,InsertDelta,,		System.out.println("Swap"+list[i]+" "+list[j]);
QuickSort_a.java,ChangeDelta,			if (leftPointer >= rightPointer),			if (leftPointer > rightPointer)
QuickSort_a.java,ChangeDelta,				if (leftPointer == high),				if (leftPointer > high)
QuickSort_a.java,ChangeDelta,				if (rightPointer == low),				if (rightPointer < low)
QuickSort_a.java,ChangeDelta,			while (list[rightPointer--] > pivot) {,			while (list[rightPointer] > pivot) {
QuickSort_a.java,InsertDelta,,				rightPointer--;
