QuickSort_a.java,ChangeDelta,			int pivotPosition = partition(unSortList::: leftSide::: rightSide);,			int pivotPosition = partition(unSortList::: leftSide::: rightSide);System.out.println("==========="+pivotPosition);
QuickSort_a.java,ChangeDelta,			while (list[--rightPointer] > pivot) {,			while (list[rightPointer--] > pivot) {
QuickSort_a.java,ChangeDelta,			int pivotPosition = partition(unSortList::: leftSide::: rightSide);System.out.println("==========="+pivotPosition);::: 			quickSort(unSortList::: leftSide::: pivotPosition - 1);::: 			quickSort(unSortList::: pivotPosition + 1::: rightSide);,			int pivotPosition = partition(unSortList::: leftSide::: rightSide+1);System.out.println("==========="+pivotPosition);::: 			quickSort(unSortList::: leftSide::: pivotPosition );::: 			quickSort(unSortList::: pivotPosition + 1::: rightSide+1);
QuickSort_a.java,ChangeDelta,			int pivotPosition = partition(unSortList::: leftSide::: rightSide);::: 			quickSort(unSortList::: leftSide::: pivotPosition - 1);::: 			quickSort(unSortList::: pivotPosition + 1::: rightSide);,			int pivotPosition = partition(unSortList::: leftSide::: rightSide+1);::: 			quickSort(unSortList::: leftSide::: pivotPosition +1);::: 			quickSort(unSortList::: pivotPosition + 1::: rightSide+1);
QuickSort_a.java,ChangeDelta,		int rightPointer = high;,		int rightPointer = high+1;
