TicTacToe_b.java,ChangeDelta,            if (Field.gameField[currentXPos][i] != currentSign),            if (Field.gameField[currentXPos][i] == currentSign)
TicTacToe_b.java,ChangeDelta,            if (Field.gameField[currentXPos][i] != currentSign),            if (Field.gameField[currentXPos][i] == currentSign)
TicTacToe_b.java,ChangeDelta,                if (Field.gameField[i][i] != currentSign),                if (Field.gameField[i][i] == currentSign)
TicTacToe_b.java,ChangeDelta,        for (int idx = 0 ; idx < gameRecord.getSteps().size() ; idx++ ){,        for (int idx = 0 ; idx < gameRecord.getSteps().size()-1 ; idx++ ){
TicTacToe_b.java,ChangeDelta,        for (int idx = 0 ; idx < gameRecord.getSteps().size() ; idx++ ){,        for (int idx = 0 ; idx <= gameRecord.getSteps().size() ; idx++ ){
AI.java,ChangeDelta,            else if (Field.gameField[i][2-i] == Field.DEFAULT_VALUE),            else if (Field.gameField[i][2-i] != Field.DEFAULT_VALUE)
Computer.java,:\m,,test\projects\101\2502\TicTacToe_b\src\Computer.ja
AI.java,ChangeDelta,            else if (Field.gameField[i][2-i] == Field.DEFAULT_VALUE),            else if (Field.gameField[i][2-i] != Field.DEFAULT_VALUE)
AI.java,:\m,,test\projects\101\2502\TicTacToe_b\src\AI.ja
TicTacToe_b.java,ChangeDelta,            if (Field.gameField[i][Field.FIELD_SIZE - 1 - i] != currentSign),            if (Field.gameField[i][Field.FIELD_SIZE - 1 - i] == currentSign)
TicTacToe_b.java,ChangeDelta,            if (Field.gameField[i][currentYPos] != currentSign),            if (Field.gameField[i][currentYPos] == currentSign)
TicTacToe_b.java,ChangeDelta,            if (Field.gameField[i][currentYPos] != currentSign),            if (Field.gameField[i][currentYPos] == currentSign)
Computer.java,ChangeDelta,        TicTacToe_b.setNewSign(computerSing::: rowIndex::: columnIndex);,        TicTacToe_b.setNewSign(computerSing::: rowIndex+1::: columnIndex+1);
Computer.java,ChangeDelta,        TicTacToe_b.setNewSign(computerSing::: rowIndex+1::: columnIndex+1);,        TicTacToe_b.setNewSign(computerSing::: rowIndex+1::: columnIndex);
Computer.java,ChangeDelta,        TicTacToe_b.setNewSign(computerSing::: rowIndex+1::: columnIndex);,        TicTacToe_b.setNewSign(computerSing::: rowIndex-1::: columnIndex);
TicTacToe_b.java,ChangeDelta,        Field.gameField[row][column] = sing;,  if(haveNewSign){      Field.gameField[row][column] = sing;]]	[ChangeDelta::: position: 94::: lines: [        currentSign = sing;] to [        currentSign = sing;}
Computer.java,ChangeDelta,        if (intellect.canGenerateBestMove(computerSing)),        if (!intellect.canGenerateBestMove(computerSing))
Computer.java,ChangeDelta,        else if (intellect.canGenerateBestMove(humanSing)),        else if (!intellect.canGenerateBestMove(humanSing))
Computer.java,ChangeDelta,        else if (intellect.canGenerateBestMove(humanSing)),        else if (!intellect.canGenerateBestMove(humanSing))
Computer.java,ChangeDelta,        if (intellect.canGenerateBestMove(computerSing)),        if (!intellect.canGenerateBestMove(computerSing))
TicTacToe_b.java,ChangeDelta,                else if (i == Field.FIELD_SIZE - 1),                else if (i == Field.FIELD_SIZE )
TicTacToe_b.java,ChangeDelta,                if (Field.gameField[i][i] != currentSign),                if (Field.gameField[i][i] == currentSign)
TicTacToe_b.java,ChangeDelta,            if (Field.gameField[currentXPos][i] != currentSign),            if (Field.gameField[currentXPos][i] == currentSign)
