BoatBomb_b.java,InsertDelta,,		for(Boat b:boatList)::: 		{::: 			::: 		}
BoatBomb_b.java,ChangeDelta,		for(Boat b:boatList),		for(Boat b:boatsList)]]	[ChangeDelta::: position: 27::: lines: [			] to [			System.out.println(b.printAllLocationCells());
GameHelper.java,InsertDelta,,		}else::: 		{::: 			incr=1;
GameHelper.java,DeleteDelta,,		{::: 			incr=1;::: 		}
GameHelper.java,ChangeDelta,		}else,		}
GameHelper.java,InsertDelta,,				success=true;
GameHelper.java,DeleteDelta,,				success=true;
GameHelper.java,ChangeDelta,					success = false; ,					success = true; 
GameHelper.java,DeleteDelta,,		if ((comCount % 2) == 1) { ::: 			incr = gridLength - 1;::: 		}]]	[InsertDelta::: position: 71::: lines: [		
GameHelper.java,InsertDelta,,		if ((comCount % 2) == 1) { ::: 			incr = gridLength - 1;::: 		}]]	[DeleteDelta::: position: 68::: lines: [		
GameHelper.java,ChangeDelta,		while (success && nth < comSize) {,		while (!success && nth < comSize) {
GameHelper.java,ChangeDelta,		while (success && nth < comSize) {,		while (success || nth < comSize) {
GameHelper.java,InsertDelta,,		int comCount=0;::: 		
GameHelper.java,ChangeDelta,		int comCount=0;,		comCount=0;
GameHelper.java,InsertDelta,,			if(!success)::: 			{::: 				location++;::: 				nth=0;::: 			}
GameHelper.java,ChangeDelta,		while (success && nth < comSize) {,		while (!success && nth < comSize) {
GameHelper.java,DeleteDelta,,			::: 			if(!success)::: 			{::: 				location++;::: 				nth=0;::: 			}
GameHelper.java,InsertDelta,,		::: 		::: 		::: 		]]	[InsertDelta::: position: 85::: lines: [			::: 			if(success=false)::: 			{::: 				success=truel::: 			}
GameHelper.java,ChangeDelta,				success=truel,				success=true;
GameHelper.java,InsertDelta,,				location++;::: 				nth=0;
GameHelper.java,ChangeDelta,				location++;,				location--;
GameHelper.java,DeleteDelta,,			if(success=false)::: 			{::: 				success=true;::: 				location--;::: 				nth=0;::: 			}
GameHelper.java,DeleteDelta,,		::: 		::: 		::: 		]]	[DeleteDelta::: position: 89::: lines: [			
GameHelper.java,ChangeDelta,			incr = gridLength - 1;,			incr = 0;
GameHelper.java,ChangeDelta,			incr = 0;,			incr = gridLength;
