ElevatorController.java,InsertDelta,,		System.out.println(getElevator(0).getCurrentFloor());::: 		]]	[InsertDelta::: position: 151::: lines: [
ElevatorController.java,ChangeDelta,		System.out.println(getElevator(0).getCurrentFloor());,		System.out.println("elevator1:"+getElevator(0).getCurrentFloor());::: 		System.out.println("elevator2"+getElevator(0).getCurrentFloor());]]	[InsertDelta::: position: 153::: lines: [
ElevatorController.java,ChangeDelta,		System.out.println("elevator2"+getElevator(0).getCurrentFloor());,		System.out.println("elevator2:"+getElevator(1).getCurrentFloor());]]	[InsertDelta::: position: 154::: lines: [
ElevatorController.java,ChangeDelta,					,				System.out.println("27:1");]]	[ChangeDelta::: position: 63::: lines: [				] to [				System.out.println("27:2");]]	[InsertDelta::: position: 154::: lines: [
ElevatorController.java,ChangeDelta,				System.out.println("27:1");,				]]	[ChangeDelta::: position: 63::: lines: [				System.out.println("27:2");] to [				System.out.println(assigned.getCurrentFloor() - passenger.getFloor());::: 				System.out.println(floorDiff);::: 				]]	[InsertDelta::: position: 154::: lines: [
ElevatorController.java,ChangeDelta,				System.out.println(assigned.getCurrentFloor() - passenger.getFloor());::: 				System.out.println(floorDiff);,				System.out.println(assigned.getCurrentFloor() );::: 				System.out.println(elevator.getCurrentFloor());]]	[InsertDelta::: position: 156::: lines: [
ElevatorController.java,DeleteDelta,				System.out.println(assigned.getCurrentFloor() );::: 				System.out.println(elevator.getCurrentFloor());]]	[ChangeDelta::: position: 66::: lines: [				if(elevator.getDirection() == 0)		//Assign a moving elevator in case of tie,				if(assigned.getDirection()!=0 && elevator.getDirection() == 0)		//Assign a moving elevator in case of tie]]	[InsertDelta::: position: 156::: lines: [
ElevatorController.java,ChangeDelta,				if(assigned.getDirection()!=0 && elevator.getDirection() == 0)		//Assign a moving elevator in case of tie,				if(elevator.getDirection() == 0)		//Assign a moving elevator in case of tie]]	[InsertDelta::: position: 154::: lines: [
ElevatorController.java,ChangeDelta,				if(elevator.getDirection() == 0)		//Assign a moving elevator in case of tie,				if(elevator.getDirection() != 0)		//Assign a moving elevator in case of tie]]	[InsertDelta::: position: 154::: lines: [
ElevatorController.java,DeleteDelta,,		System.out.println("elevator1:"+getElevator(0).getCurrentFloor());::: 		System.out.println("elevator2:"+getElevator(1).getCurrentFloor());]]	[InsertDelta::: position: 154::: lines: [
