HeapSort_c.java,ChangeDelta,				++child;,				--child;
HeapSort_c.java,InsertDelta,,		::: 		System.out.println(H);
HeapSort_c.java,ChangeDelta,			if (child + 1 < length && H[child] < H[child + 1]) {,			if (child + 1 < length && H[child] <= H[child + 1]) {
HeapSort_c.java,DeleteDelta,,		System.out.println(H);
HeapSort_c.java,ChangeDelta,			if (child + 1 < length && H[child] < H[child + 1]) {,			if (child + 1 < length && H[child] <= H[child + 1]) {
HeapSort_c.java,InsertDelta,,		for(int i =0 ;i<H.length;i++){::: 			System.out.print(H[i]+" ");::: 		}::: 		
HeapSort_c.java,ChangeDelta,				++child;,				++s;
HeapSort_c.java,DeleteDelta,,		for(int i =0 ;i<H.length;i++){::: 			System.out.print(H[i]+" ");::: 		}
HeapSort_c.java,ChangeDelta,			if (H[s] < H[child]) {,			if (H[s] <= H[child]) {
HeapSort_c.java,ChangeDelta,			while (child + 1 < length && H[child] < H[child + 1]) {,			if (child < length && H[child] < H[child + 1]) {
HeapSort_c.java,ChangeDelta,			if (child < length && H[child] < H[child + 1]) {,			if (child + 1 <= length && H[child] < H[child + 1]) {
HeapSort_c.java,ChangeDelta,			if (child + 1 < length && H[child] < H[child + 1]) {,			while(child + 1 < length && H[child] <= H[child + 1]) {
HeapSort_c.java,InsertDelta,,				H[child] = H[s];
HeapSort_c.java,ChangeDelta,			while(child + 1 < length && H[child] <= H[child + 1]) {,			if(child + 1 < length && H[child] < H[child + 1]) {
HeapSort_c.java,ChangeDelta,				++child;,				--child;]]	[DeleteDelta::: position: 10::: lines: [				H[child] = H[s];
HeapSort_c.java,ChangeDelta,			if(child + 1 < length && H[child] < H[child + 1]) {,			while(child + 1 < length && H[child] < H[child + 1]) {
