GameHelper.java,ChangeDelta,		while (success && nth < comSize) {,		while (success && nth < =comSize) {
GameHelper.java,:\m,,test\projects\102\2608\BoatBomb_c\src\GameHelper.ja
GameHelper.java,ChangeDelta,		while (success && nth < =comSize) {,		while (success && nth <= comSize) {
GameHelper.java,ChangeDelta,				if (location >= gridSize) { ,				if (location > gridSize) { ]]	[ChangeDelta::: position: 83::: lines: [				success = true;] to [				success = false;
GameHelper.java,ChangeDelta,			if (grid[location] != 0) {,			if (grid[location] == 0) {]]	[ChangeDelta::: position: 79::: lines: [				if (nth > 0 && (location % gridLength == 0)) { ] to [				if (nth > 0 && (location % gridLength != 0)) { 
GameHelper.java,ChangeDelta,				if (nth > 0 && (location % gridLength != 0)) { ,				if (nth > 0 && (location % gridLength == 0)) { 
GameHelper.java,ChangeDelta,		if ((comCount % 2) == 1) { ,		if ((comCount % 2) != 1) { 
GameHelper.java,ChangeDelta,				if (nth > 0 && (location % gridLength != 0)) { ,				if (nth > 0 && (location % gridLength == 0)) { 
GameHelper.java,ChangeDelta,			if (grid[location] != 0) {,			if (grid[location] == 0) {
GameHelper.java,ChangeDelta,		if ((comCount % 2) == 1) { ,		if ((comCount % 2) != 1) { 
GameHelper.java,ChangeDelta,					success = false; ,					success = true; 
GameHelper.java,ChangeDelta,		while (success && nth < comSize) {,		while (success && nth <= comSize) {]]	[ChangeDelta::: position: 79::: lines: [				if (nth >= 0 && (location % gridLength == 0)) { ] to [				if (nth > 0 && (location % gridLength == 0)) { 
GameHelper.java,ChangeDelta,				if (nth > 0 && (location % gridLength == 0)) { ,				if (nth >= 0 && (location % gridLength == 0)) { 
GameHelper.java,ChangeDelta,				success = false;,				success = true;
GameHelper.java,ChangeDelta,				if (nth > 0 && (location % gridLength != 0)) { ,				if (nth > 0 || (location % gridLength == 0)) { 
GameHelper.java,ChangeDelta,				if (nth > 0 || (location % gridLength == 0)) { ,				if ((nth > 0) &&(location % gridLength == 0)) { 
GameHelper.java,InsertDelta,,				grid[location]=1;
GameHelper.java,DeleteDelta,,				grid[location]=1;
GameHelper.java,ChangeDelta,				if ((nth > 0) &&(location % gridLength == 0)) { ,				if ((nth > 0) &&(location % gridLength != 0)) { 
GameHelper.java,ChangeDelta,				coords[nth++] = location; ,				coords[++nth] = location; 
GameHelper.java,ChangeDelta,			grid[coords[x]] = 0; ,			grid[coords[x]] = 1; 
