HeapSort_c.java,ChangeDelta,			if (child + 1 < length && H[child] < H[child + 1]) {,			if (child + 1 < length && H[child] <= H[child + 1]) {
HeapSort_c.java,ChangeDelta,			if (child + 1 < length && H[child] <= H[child + 1]) {,			if (child + 1 < length && H[child] < H[child + 1]+1) {
HeapSort_c.java,ChangeDelta,				child=2*s+1;,				child++;
HeapSort_c.java,ChangeDelta,			if (child + 1 < length && H[child] < H[child + 1]) {,			if (child + 1 <= length && H[child] < H[child + 1]) {
HeapSort_c.java,ChangeDelta,			if (child + 1 < length && H[child] < H[child + 1]) {,			if (child + 1 < length && H[child] > H[child + 1]) {
HeapSort_c.java,InsertDelta,,				continue;
HeapSort_c.java,ChangeDelta,				continue;,				break;
HeapSort_c.java,ChangeDelta,				break;,				s=child;
HeapSort_c.java,DeleteDelta,,				s=child;
HeapSort_c.java,DeleteDelta,				H[s] = tmp;]]	[ChangeDelta::: position: 16::: lines: [			,			H[s] = tmp;
HeapSort_c.java,ChangeDelta,				child++;,				child--;
HeapSort_c.java,ChangeDelta,			if (child + 1 < length && H[child] < H[child + 1]) {,			if (child +1< length && H[child] < H[child + 1]) {
HeapSort_c.java,ChangeDelta,			if (child +1< length && H[child] < H[child + 1]) {,			if (child < length && H[child] < H[child + 1]) {
HeapSort_c.java,ChangeDelta,			if (child < length && H[child] < H[child + 1]) {,			if (child + 1< length && H[child] < H[child + 1]) {
HeapSort_c.java,ChangeDelta,			if (child + 1< length && H[child] < H[child + 1]) {,			if (child + 1< length && H[child] > H[child + 1]) {
HeapSort_c.java,ChangeDelta,			if (child + 1< length && H[child] < H[child + 1]) {,			if (child + 1< length || H[child] < H[child + 1]) {]]	[DeleteDelta::: position: 7::: lines: [				H[s] = tmp;
HeapSort_c.java,ChangeDelta,				child = 2 * s + 2;,				child = 2 * s + 1;
HeapSort_c.java,ChangeDelta,				child = 2 * s + 2;,				child = 2 * s + 1;
