Elevator_a.java,ChangeDelta,		direction = 0; ,		direction = 1; 
Elevator_a.java,ChangeDelta,			if(passengerDirection == -1){,			if(passengerDirection == 1){
Elevator_a.java,ChangeDelta,		for(int i = 0; i < MaxFloor; i++){,		for(int i = 0; i <= MaxFloor; i++){]]	[ChangeDelta::: position: 37::: lines: [		for(int i = 0; i < MaxFloor; i++){] to [		for(int i = 0; i <= MaxFloor; i++){
Elevator_a.java,ChangeDelta,		direction *= -1;,		//direction *= -1;]]	[ChangeDelta::: position: 107::: lines: [		if(CurrentDestination.size() >= 0){] to [		if(CurrentDestination.size() > 0){
Elevator_a.java,ChangeDelta,		//direction *= -1;,		direction = 1;
Elevator_a.java,ChangeDelta,		direction = 1;,		direction = -1;
