HeapSort_c.java,ChangeDelta,				++child;,				child++;
HeapSort_c.java,ChangeDelta,				child++;,				child = child + 1;
HeapSort_c.java,ChangeDelta,				child = child + 1;,				child=child+1;]]	[ChangeDelta::: position: 28::: lines: [			for (int i = length - 1; i >= 0; --i) {] to [			for (int i = length - 1; i >= 0; i--) {
HeapSort_c.java,ChangeDelta,			if (child + 1 < length && H[child] < H[child + 1]) {,			if (child + 1 <= length && H[child] <= H[child + 1]) {
HeapSort_c.java,ChangeDelta,			if (child + 1 <= length && H[child] <= H[child + 1]) {,			if (child + 1 < length && H[child] <= H[child + 1]) {
HeapSort_c.java,ChangeDelta,				child=child+1;,				child=child+2;
HeapSort_c.java,ChangeDelta,				child=child+1;,				child=child-1;
HeapSort_c.java,ChangeDelta,			if (child + 1 < length && H[child] < H[child + 1]) {,			if (child + 1 < length && H[child] <= H[child + 1]) {]]	[ChangeDelta::: position: 28::: lines: [			for (int i = length - 1; i >= 0; i--) {] to [			for (int i = length - 1; i >= 1; i--) {
HeapSort_c.java,ChangeDelta,		for (int i = (length - 1) / 2; i >= 0; i--) {,		for (int i = (length - 0) / 2; i >= 0; i--) {]]	[ChangeDelta::: position: 28::: lines: [			for (int i = length - 1; i >= 1; i--) {] to [			for (int i = length - 1; i >= 0; i--) {
HeapSort_c.java,ChangeDelta,				child++;,				child = length;]]	[ChangeDelta::: position: 28::: lines: [			for (int i = length - 1; i > 0; i--) {] to [			for (int i = length - 1; i >= 0; i--) {
HeapSort_c.java,ChangeDelta,				child = length;,				child = s;
HeapSort_c.java,ChangeDelta,				child = s;,				child = 2*s + 1;
HeapSort_c.java,ChangeDelta,				child = 2*s + 1;,				child = 2 * s ;
HeapSort_c.java,ChangeDelta,				child = 2 * s ;,				child ++ ;
HeapSort_c.java,ChangeDelta,				child = 2*s+1 ;,				child = s ;
HeapSort_c.java,ChangeDelta,			if (child + 1 < length && H[child] < H[child + 1]) {::: 				child = s ;,			if (child + 1 < length && H[child] <= H[child + 1]) {::: 				++child ;
