QuickSort_b.java,ChangeDelta,			while (list[++leftPointer] < pivot) {,			while (list[leftPointer++] < pivot) {
QuickSort_b.java,:\m,,test\projects\102\2569\QuickSort_b\src\QuickSort_b.ja
QuickSort_b.java,:\m,,test\projects\102\2569\QuickSort_b\src\QuickSort_b.ja
QuickSort_b.java,ChangeDelta,			while (list[++leftPointer] < pivot) {,			while (list[++leftPointer] <= pivot) {
QuickSort_b.java,InsertDelta,,		System.out.println(leftPointer+"  "+rightPointer);
QuickSort_b.java,ChangeDelta,			while (list[++leftPointer] < pivot) {,			leftPointer=leftPointer+1;::: 			while (list[leftPointer] < pivot) {::: 				leftPointer=leftPointer+1;
QuickSort_b.java,ChangeDelta,		System.out.println(list);,		for (int i = 0; i < list.length; i++) {::: 			System.out.println(list[i]);::: 		}::: 		
QuickSort_b.java,ChangeDelta,			System.out.println(list[i]);,			System.out.print(list[i]);
QuickSort_b.java,ChangeDelta,		,		System.out.println();
QuickSort_b.java,InsertDelta,,		for (int i = 0; i < list.length; i++) {::: 			System.out.print(list[i]);::: 		}::: 		System.out.println();
QuickSort_b.java,InsertDelta,,		for (int i = 0; i < list.length; i++) {::: 			System.out.print(list[i]);::: 		}::: 		System.out.println();
QuickSort_b.java,ChangeDelta,			while (list[--rightPointer] > pivot) {,			while (list[--rightPointer] >=pivot) {
QuickSort_b.java,ChangeDelta,			quickSort(unSortList::: pivotPosition + 1::: rightSide);,			quickSort(unSortList::: pivotPosition ::: rightSide);
QuickSort_b.java,ChangeDelta,			quickSort(unSortList::: pivotPosition ::: rightSide);,			quickSort(unSortList::: pivotPosition +1::: rightSide);]]	[ChangeDelta::: position: 13::: lines: [		int rightPointer = high + 1;] to [		int rightPointer = high ;
QuickSort_b.java,ChangeDelta,		int rightPointer = high ;,		int rightPointer = high +1;
QuickSort_b.java,InsertDelta,,		System.out.println(leftPointer+"  "+rightPointer);
QuickSort_b.java,InsertDelta,,		System.out.println("");
QuickSort_b.java,ChangeDelta,			int pivotPosition = partition(unSortList::: leftSide::: rightSide);,			]]	[InsertDelta::: position: 5::: lines: [			int pivotPosition = partition(unSortList::: leftSide::: rightSide);]]	[InsertDelta::: position: 38::: lines: [		
QuickSort_b.java,ChangeDelta,			while (list[++leftPointer] < pivot) {,			while (list[leftPointer++] < pivot) {
QuickSort_b.java,ChangeDelta,			while (list[leftPointer++] < pivot) {,			while (list[++leftPointe] < pivot) {
QuickSort_b.java,ChangeDelta,			while (list[++leftPointe] < pivot) {,			while (list[leftPointer] < pivot) {
QuickSort_b.java,DeleteDelta,			if (leftPointer < high){::: 				]]	[DeleteDelta::: position: 21::: lines: [			}]]	[ChangeDelta::: position: 28::: lines: [			exchange(list::: leftPointer::: rightPointer);,			//exchange(list::: leftPointer::: rightPointer);
QuickSort_b.java,ChangeDelta,			//exchange(list::: leftPointer::: rightPointer);,			exchange(list::: leftPointer::: rightPointer);]]	[ChangeDelta::: position: 27::: lines: [		exchange(list::: low::: rightPointer);] to [		exchange(list::: low:::leftPointer);
QuickSort_b.java,ChangeDelta,		exchange(list::: low:::leftPointer);,		exchange(list::: low:::rightPointer);
QuickSort_b.java,InsertDelta,,					leftPointer--;
QuickSort_b.java,ChangeDelta,				if (leftPointer == high)::: 					leftPointer--;,				if (leftPointer >= high)]]	[ChangeDelta::: position: 24::: lines: [			if (leftPointer > rightPointer)] to [			if (leftPointer = rightPointer)
QuickSort_b.java,ChangeDelta,			if (leftPointer = rightPointer),			if (leftPointer == rightPointer)
QuickSort_b.java,InsertDelta,				if(leftPointer>high){::: 					leftPointer--;::: 					break;::: 				}]]	[DeleteDelta::: position: 26::: lines: [			exchange(list::: low:::leftPointer);]]	[ChangeDelta::: position: 28::: lines: [		,		exchange(list::: low::: rightPointer);
QuickSort_b.java,DeleteDelta,				if(leftPointer>high){::: 					leftPointer--;::: 					break;::: 				}]]	[ChangeDelta::: position: 27::: lines: [			if (leftPointer > rightPointer),			if (leftPointer >= rightPointer)
QuickSort_b.java,ChangeDelta,			if (leftPointer > rightPointer),			if (leftPointer >= rightPointer)
