MazeSearcher_c.java,ChangeDelta,//					System.out.println("stack.pop: " + "{" + backtrackPoints[0]::: //							+ ":::" + backtrackPoints[1] + ":::"::: //							+ backtrackPoints[2] + "}");,					System.out.println("stack.pop: " + "{" + backtrackPoints[0]::: 							+ ":::" + backtrackPoints[1] + ":::"::: 							+ backtrackPoints[2] + "}");
MazeSearcher_c.java,InsertDelta,,					System.out.print("hello");
MazeSearcher_c.java,InsertDelta,,		System.out.print("yes");
MazeSearcher_c.java,DeleteDelta,,		System.out.print("yes");
MazeSearcher_c.java,ChangeDelta,				if (!stack.isEmpty() && !currentPath.isEmpty()) {,				if (true) {
MazeSearcher_c.java,ChangeDelta,				if (!stack.isEmpty() && !currentPath.isEmpty()) {,				if (stack.isEmpty()) {
MazeSearcher_c.java,ChangeDelta,					System.out.print("shit");,					System.out.print("no");
MazeSearcher_c.java,ChangeDelta,//						System.out.println("stack.push: " + "{" + current + ":::"::: //								+ pre + ":::" + temPoint + "}");,						System.out.println("stack.push: " + "{" + current + ":::"::: 								+ pre + ":::" + temPoint + "}");
MazeSearcher_c.java,ChangeDelta,				if(stack.isEmpty()){::: 					System.out.print("no");,				if(!stack.isEmpty()){::: 					System.out.print("yes");
MazeSearcher_c.java,DeleteDelta,,				if(!stack.isEmpty()){::: 					System.out.print("yes");::: 				}
MazeSearcher_c.java,ChangeDelta,		} while ((movables != null && !movables.isEmpty()) && !stack.isEmpty()); // continue loop if still movable or backtrackable,		} while ((movables != null && !movables.isEmpty())); // continue loop if still movable or backtrackable
MazeSearcher_c.java,ChangeDelta,		} while ((movables != null && !movables.isEmpty())); // continue loop if still movable or backtrackable,		} while ((movables != null && !movables.isEmpty())&& stack.isEmpty()); // continue loop if still movable or backtrackable
MazeSearcher_c.java,ChangeDelta,		} while ((movables != null && !movables.isEmpty())&& stack.isEmpty()); // continue loop if still movable or backtrackable,		} while ((movables != null && !movables.isEmpty())|| !stack.isEmpty()); // continue loop if still movable or backtrackable
