QuickSort_b.java,ChangeDelta,				if (leftPointer == high),				if (leftPointer == high+1)
QuickSort_b.java,ChangeDelta,				if (leftPointer == high),				if (leftPointer == high-1)
QuickSort_b.java,ChangeDelta,				if (leftPointer == high),				if (leftPointer == high+1)
QuickSort_b.java,ChangeDelta,				if (leftPointer == high+1),				if (leftPointer == high-1)
QuickSort_b.java,DeleteDelta,,					leftPointer--;]]	[DeleteDelta::: position: 19::: lines: [					}
QuickSort_b.java,ChangeDelta,		while (true) {,		while (leftPointer<=high) {]]	[DeleteDelta::: position: 17::: lines: [					leftPointer--;
QuickSort_b.java,ChangeDelta,		while (leftPointer<=high) {,		while (leftPointer<high) {
