HeapSort_c.java,ChangeDelta,			if (child + 1 < length && H[child] < H[child + 1]) {,			if ((child + 1) < length && H[child] < H[child + 1]) {
HeapSort_c.java,ChangeDelta,			if (H[s] < H[child]) {,			if (H[s] > H[child]) {
HeapSort_c.java,ChangeDelta,			if (H[s] < H[child]) {,			if (H[s] > H[child]) {]]	[ChangeDelta::: position: 20::: lines: [		for (int i = (length - 1) / 2; i >= 0; i--) {] to [		for (int i = (length - 1) ; i >= 0; i--) {
HeapSort_c.java,ChangeDelta,		for (int i = (length - 1) ; i >= 0; i--) {,		for (int i = (length - 1) / 2; i >= 0; i--) {
HeapSort_c.java,ChangeDelta,			if (child + 1 < length && H[child] < H[child + 1]) {,			if (child  < length && H[child] < H[child + 1]) {
HeapSort_c.java,ChangeDelta,				s = child;,//				s = child;
HeapSort_c.java,ChangeDelta,			if (H[s] < H[child]) {,			if (H[s] > H[child]) {
HeapSort_c.java,ChangeDelta,				child = 2 * s + 2;,				child = 2 * s + 1;
