TicTacToe_b.java,ChangeDelta,                if (Field.gameField[i][i] != currentSign),                if (Field.gameField[Field.FIELD_SIZE - 1 - i][i] != currentSign)
TicTacToe_b.java,ChangeDelta,            else if (i == Field.FIELD_SIZE - 1),            else if (i == (Field.FIELD_SIZE - 1))
TicTacToe_b.java,ChangeDelta,            if (Field.gameField[i][Field.FIELD_SIZE - 1 - i] != currentSign),            if (Field.gameField[i][Field.FIELD_SIZE - i] != currentSign)
AI.java,ChangeDelta,            else if (Field.gameField[i][2-i] == Field.DEFAULT_VALUE),            else if (Field.gameField[i][1-i] == Field.DEFAULT_VALUE)
TicTacToe_b.java,ChangeDelta,                if (Field.gameField[i][i] != currentSign),                if (Field.gameField[currentYPos][currentYPos] != currentSign)
AI.java,ChangeDelta,        if (singCounter == 2 && emptyRowIndex != -1 && emptyColumnIndex != -1),        if (singCounter == 2 && emptyRowIndex != -1)
Field.java,ChangeDelta,            for (int j = 0; j < gameField[i].length; ++j),            for (int j = 0; j < gameField[0].length; ++j)
Field.java,ChangeDelta,            for (int j = 0; j < row.length;j++),            for (int j = 0; j < row[0].length;j++)
Field.java,ChangeDelta,        	char[] row = gameField[i];,        	char[] row = gameField[i%3];
