FindTriple_c.java,ChangeDelta,					} else if (inputList[s - 1] + inputList[e] < negative) {,					} else if (inputList[s - 1] + inputList[e+1] < negative) {
FindTriple_c.java,ChangeDelta,					} else if (inputList[s - 1] + inputList[e] < negative) {,					} else if (inputList[s - 1] + inputList[e] <= negative) {
FindTriple_c.java,ChangeDelta,			if (i == 0 || inputList[i] > inputList[i - 1]) {,			if (i == 0 || inputList[i] >= inputList[i - 1]) {
FindTriple_c.java,:\m,,test\projects\101\2475\FindTriple_c\src\FindTriple_c.ja
FindTriple_c.java,ChangeDelta,				while (s < e) {,				while (s <= e) {
FindTriple_c.java,ChangeDelta,				while (s < e) {,				while (s <= e) {
FindTriple_c.java,ChangeDelta,					} else if (inputList[s - 1] + inputList[e] < negative) {,					} else if (inputList[s] + inputList[e] < negative) {
