QuickSort_b.java,ChangeDelta,				if (leftPointer == high),				if (leftPointer == high) {::: 					rightPointer--;]]	[InsertDelta::: position: 18::: lines: [				}::: 					//break;
QuickSort_b.java,ChangeDelta,				if (rightPointer == low)::: 					break;,				if (rightPointer == low) {::: 					::: 				}::: 					//break;
QuickSort_b.java,InsertDelta,,					rightPointer--;
QuickSort_b.java,ChangeDelta,					rightPointer--;,					rightPointer++;
QuickSort_b.java,ChangeDelta,					rightPointer++;,					leftPointer++;
QuickSort_b.java,ChangeDelta,			quickSort(unSortList::: pivotPosition + 1::: rightSide);,			quickSort(unSortList::: pivotPosition::: rightSide);]]	[ChangeDelta::: position: 24::: lines: [					leftPointer++;] to [					//leftPointer++;
QuickSort_b.java,InsertDelta,,			leftPointer = low;::: 			rigthPointer = high + 1;
QuickSort_b.java,ChangeDelta,			rigthPointer = high + 1;,			rightPointer = high + 1;
QuickSort_b.java,ChangeDelta,			leftPointer = low;::: 			rightPointer = high + 1;,			//leftPointer = low;::: 			//rightPointer = high + 1;
QuickSort_b.java,ChangeDelta,			if (leftPointer > rightPointer),			if (leftPointer > rightPointer) {]]	[ChangeDelta::: position: 31::: lines: [			exchange(list::: leftPointer::: rightPointer);] to [			}else {::: 				exchange(list::: leftPointer::: rightPointer);::: 			::: 			}
QuickSort_b.java,ChangeDelta,				break;,				//break;
QuickSort_b.java,ChangeDelta,			quickSort(unSortList::: pivotPosition + 1::: rightSide);,			quickSort(unSortList::: pivotPosition::: rightSide);
