GameHelper.java,ChangeDelta,		if ((comCount % 2) == 1) { ,		if ((comCount % 2) == 0) { 
GameHelper.java,ChangeDelta,		int incr = 1; ,		int incr = gridLength; 
GameHelper.java,ChangeDelta,				if (nth > 0 && (location % gridLength == 0)) { ,				if (nth > 0 && (location % gridLength == 1)) { 
GameHelper.java,ChangeDelta,		boolean success = true;,		boolean success = false;
GameHelper.java,ChangeDelta,		while (success && nth < comSize) {,		while (success || nth < comSize) {
GameHelper.java,ChangeDelta,		int location = startPos;,		int location = startPos-1;
GameHelper.java,ChangeDelta,		int incr = 1; ,		int incr = 0; 
GameHelper.java,ChangeDelta,			incr = gridLength + 1;,			incr = gridLength - 1;
GameHelper.java,ChangeDelta,				coords[nth++] = location; ,				coords[++nth] = location; 
GameHelper.java,ChangeDelta,				if (location >= gridSize) { ,				if (location > gridSize) { 
GameHelper.java,ChangeDelta,				if (nth > 0 && (location % gridLength == 0)) { ,				if (nth > 0 && (location % gridLength == 1)) { 
GameHelper.java,ChangeDelta,				if (nth > 0 && (location % gridLength == 0)) { ,				if (nth >= 0 && (location % gridLength == 0)) { 
GameHelper.java,ChangeDelta,		while (x < comSize) {,		while (x <= comSize) {
GameHelper.java,ChangeDelta,		while (x < comSize) {,		while (x <= comSize) {
GameHelper.java,ChangeDelta,			column = coords[x] % gridLength;,			column = coords[x] % gridLength-1;
GameHelper.java,ChangeDelta,			incr = gridLength - 1;,			incr = gridLength ;
