SubSequence_b.java,ChangeDelta,					helperTable[i][j] += helperTable[i - 1][j],					helperTable[i][j] = helperTable[i - 1][j]
SubSequence_b.java,ChangeDelta,					helperTable[i][j] += helperTable[i][j];,					helperTable[i][j] += helperTable[i][shortSeq.length()];
SubSequence_b.java,ChangeDelta,					helperTable[i][j] += helperTable[i][j];,					helperTable[i][j] = helperTable[i][j - 1];
SubSequence_b.java,ChangeDelta,					helperTable[i][j] = helperTable[i][j - 1];,					helperTable[i][j] = helperTable[i - 1][j - 1];
SubSequence_b.java,ChangeDelta,					helperTable[i][j] = helperTable[i - 1][j - 1];,					//helperTable[i][j] = helperTable[i][j];
SubSequence_b.java,ChangeDelta,					//helperTable[i][j] = helperTable[i][j];,					helperTable[i][j] = helperTable[i - 1][j] + helperTable[i - 1][j - 1];
SubSequence_b.java,ChangeDelta,							//+ helperTable[i - 1][j - 1];,							+ helperTable[i - 1][j - 1];
