QuickSort_a.java,ChangeDelta,			if (leftPointer >= rightPointer),			if (leftPointer <= rightPointer)
QuickSort_a.java,ChangeDelta,			exchange(list::: leftPointer::: rightPointer);,			//exchange(list::: leftPointer::: rightPointer);
QuickSort_a.java,ChangeDelta,		//exchange(list::: low::: rightPointer);::: 		return rightPointer;,		exchange(list::: low::: rightPointer);::: 		return low;
QuickSort_a.java,ChangeDelta,			quickSort(unSortList::: pivotPosition + 1::: rightSide);,			quickSort(unSortList::: pivotPosition::: rightSide);
QuickSort_a.java,ChangeDelta,		exchange(list::: low::: rightPointer);::: 		return rightPointer;,		exchange(list::: low::: leftPointer);::: 		return low;
QuickSort_a.java,ChangeDelta,		return rightPointer;,		return rightPointer/2;
QuickSort_a.java,ChangeDelta,		exchange(list::: low::: rightPointer);,		exchange(list::: low + 1::: rightPointer);
QuickSort_a.java,InsertDelta,		int num=0;]]	[InsertDelta::: position: 20::: lines: [				num++;]]	[ChangeDelta::: position: 28::: lines: [		return rightPointer;,		return num;
QuickSort_a.java,ChangeDelta,			quickSort(unSortList::: leftSide::: pivotPosition - 1);,			quickSort(unSortList::: leftSide::: pivotPosition);
QuickSort_a.java,ChangeDelta,			quickSort(unSortList::: pivotPosition + 1::: rightSide);,			quickSort(unSortList::: pivotPosition::: rightSide);
QuickSort_a.java,ChangeDelta,			quickSort(unSortList::: pivotPosition::: rightSide);,			quickSort(unSortList::: pivotPosition+1::: rightSide);
QuickSort_a.java,ChangeDelta,		return rightPointer;,		return rightPointer+1;
QuickSort_a.java,ChangeDelta,		exchange(list::: low::: rightPointer);,		exchange(list::: low::: leftPointer);
QuickSort_a.java,ChangeDelta,		exchange(list::: low::: leftPointer);,		exchange(list::: low::: ++rightPointer);
QuickSort_a.java,ChangeDelta,			while (list[++leftPointer] < pivot) {,			while (list[++leftPointer] <= pivot) {]]	[ChangeDelta::: position: 17::: lines: [					] to [					break;
QuickSort_a.java,ChangeDelta,		int rightPointer = high;,		int rightPointer = high+1;
QuickSort_a.java,ChangeDelta,		int leftPointer = low;,		int leftPointer = low-1;
