HeapSort_c.java,ChangeDelta,				++child;,				child++;
HeapSort_c.java,ChangeDelta,			if (child + 1 < length && H[child] < H[child + 1]) {,			if (child + 1 < length && H[child] > H[child + 1]) {
HeapSort_c.java,ChangeDelta,			if (H[s] < H[child]) {,			if (H[s] > H[child]) {
HeapSort_c.java,ChangeDelta,				++child;,				child++;
HeapSort_c.java,ChangeDelta,			if (child + 1 < length && H[child] < H[child + 1]) {,			if (child + 1 < length && H[child] > H[child + 1]) {
HeapSort_c.java,ChangeDelta,				child = 2 * s + 2;,				child = 2 * s + 1;
HeapSort_c.java,ChangeDelta,				child = 2 * s + 2;,				child = 2 * s + 1;
