Try.java,dd ,,mooctest\projects\102\2600\QuickSort_a\src\Try.ja
Try.java,ChangeDelta,,		int A[] = { 2::: 5::: 1::: 3::: 6::: 1 };::: 		QuickSort_a.quickSort(A::: 0::: A.length - 1);::: 		int[] result = { 1::: 1::: 2::: 3::: 5::: 6 };::: 		for(int i = 0;i<A.length;i++){::: 			System.out.println(A[i]);::: 		}
Try.java,ChangeDelta,			System.out.println(A[i]);,			System.out.print(A[i]);
TicTacToe_a.java,ChangeDelta,        	if (i == 0){,        	if (i == 1){
TicTacToe_a.java,ChangeDelta,            else if (i != Field.FIELD_SIZE - 1),            else if (i == Field.FIELD_SIZE - 1)
