BoatBomb_c.java,ChangeDelta,			String name = "Boat" + (i + 1);,			String name = "Boat" + (i);
GameHelper.java,ChangeDelta,				success = false;,				success = true;
GameHelper.java,ChangeDelta,					success = false; ,					success = true; 
GameHelper.java,ChangeDelta,					success = false; ,					success = true; 
GameHelper.java,ChangeDelta,		if ((comCount % 2) == 1) { ,		if ((comCount % 2) == 0) { 
GameHelper.java,ChangeDelta,		while (success && nth < comSize) {,		while (success && nth <= comSize) {
GameHelper.java,ChangeDelta,		while (x < comSize) {,		while (x <= comSize) {
GameHelper.java,ChangeDelta,		while (success && nth < comSize) {,		while (success && nth <= comSize) {
GameHelper.java,InsertDelta,,			comCount++;]]	[DeleteDelta::: position: 99::: lines: [		comCount++;
GameHelper.java,DeleteDelta,,			comCount++;]]	[InsertDelta::: position: 100::: lines: [		comCount++;
GameHelper.java,DeleteDelta,,			grid[coords[x]] = 0; 
GameHelper.java,InsertDelta,,			grid[coords[x]] = 0; 
GameHelper.java,ChangeDelta,				success = false;,				success = true;
GameHelper.java,ChangeDelta,		,		comCount++;
GameHelper.java,InsertDelta,,			comCount++;]]	[DeleteDelta::: position: 99::: lines: [		comCount++;
GameHelper.java,ChangeDelta,				if (nth > 0 && (location % gridLength == 0)) { ,				if (nth > 0 && (location % gridLength != 0)) { 
GameHelper.java,ChangeDelta,				if (nth > 0 && (location % gridLength == 0)) { ,				if (nth > 0 && (location % gridLength != 0)) { 
GameHelper.java,ChangeDelta,				if (nth > 0 && (location % gridLength == 0)) { ,				if (nth >= 0 && (location % gridLength == 0)) { 
GameHelper.java,DeleteDelta,,			comCount++;]]	[InsertDelta::: position: 100::: lines: [		comCount++;
GameHelper.java,ChangeDelta,				if (nth > 0 && (location % gridLength == 0)) { ,				if (nth > 0 || (location % gridLength == 0)) { 
BoatBomb_c.java,ChangeDelta,			String name = "Boat" + (i + 1);,			String name = "Boat" + (i);
GameHelper.java,ChangeDelta,		int incr = 1; ,		int incr = 0; 
GameHelper.java,ChangeDelta,		while (success && nth < comSize) {,		while (success && nth <= comSize) {
GameHelper.java,ChangeDelta,		while (success && nth < comSize) {,		while (success && nth < gridSize) {
GameHelper.java,ChangeDelta,				if (location >= gridSize) { ,				if (location >= comSize) { 
GameHelper.java,ChangeDelta,		if ((comCount % 2) == 1) { ,		if ((comCount % 2) == 0) { 
GameHelper.java,ChangeDelta,		while (x < comSize) {,		while (x <= comSize) {
GameHelper.java,ChangeDelta,			temp = String.valueOf(alphabet.charAt(column)); ,			temp = String.valueOf(alphabet.charAt(row)); 
GameHelper.java,ChangeDelta,			row = (int) (coords[x] / gridLength); ,			row = (int) (coords[x] % gridLength); 
GameHelper.java,ChangeDelta,			column = coords[x] / gridLength;,			column = coords[x] % gridLength;
GameHelper.java,ChangeDelta,			row = (int) (coords[x] / gridLength); ,			row = (int) (coords[x] % gridLength); 
GameHelper.java,ChangeDelta,			temp = String.valueOf(alphabet.charAt(column)); ,			temp = String.valueOf(alphabet.charAt(row)); 
GameHelper.java,DeleteDelta,,		comCount++;
GameHelper.java,InsertDelta,,		comCount++;
GameHelper.java,ChangeDelta,	private int comCount = 0;,	private int comCount = 1;
GameHelper.java,ChangeDelta,			incr = gridLength;,			incr = 0;
GameHelper.java,InsertDelta,,		}else {::: 			
GameHelper.java,ChangeDelta,			incr = gridLength;-1,			incr = gridLength-1
GameHelper.java,ChangeDelta,			incr = gridLength-1,			incr = gridLength-1;
GameHelper.java,ChangeDelta,			incr = gridLength-1;,			incr = gridLength+1;
GameHelper.java,DeleteDelta,,		}else {::: 			incr = gridLength+1;
GameHelper.java,ChangeDelta,			column = coords[x] / gridLength;,			column = coords[x] % gridLength;
GameHelper.java,ChangeDelta,			row = (int) (coords[x] / gridLength); ::: 			column = coords[x] % gridLength;,			row = (int) (coords[x] / gridLength)-1; ::: 			column = coords[x] % gridLength-1;
GameHelper.java,ChangeDelta,				coords[nth++] = location; ,				coords[++nth] = location; 
GameHelper.java,DeleteDelta,,			grid[coords[x]] = 0; 
GameHelper.java,InsertDelta,,			grid[coords[x]] = 0; 
GameHelper.java,ChangeDelta,			temp = String.valueOf(alphabet.charAt(column)); ,			temp = String.valueOf(alphabet.charAt(column-1)); 
GameHelper.java,ChangeDelta,			alphaCells.add(temp.concat(Integer.toString(row)));,			alphaCells.add(temp.concat(Integer.toString(row-1)));
GameHelper.java,ChangeDelta,			incr = gridLength;,			incr += gridLength;
GameHelper.java,ChangeDelta,				if (nth > 0 && (location % gridLength == 0)) { ,				if (nth >= 0 && (location % gridLength == 0)) { 
GameHelper.java,ChangeDelta,				if (nth >= 0 && (location % gridLength == 0)) { ,				if (nth != 0 && (location % gridLength == 0)) { 
GameHelper.java,ChangeDelta,				if (nth > 0 && (location % gridLength == 0)) { ,				if (nth > 0 && (location / gridLength == 0)) { 
GameHelper.java,ChangeDelta,				if (location >= gridSize) { ,				if (location > gridSize) { 
GameHelper.java,ChangeDelta,		while (success && nth < comSize) {,		while (success && nth <= comSize) {
GameHelper.java,ChangeDelta,			column = coords[x] % gridLength;,			column = (int) coords[x] % gridLength;
GameHelper.java,ChangeDelta,			row = (int) (coords[x] / gridLength); ,			row = (coords[x] / gridLength); 
GameHelper.java,ChangeDelta,		int incr = 1; ,		int incr = 0; 
GameHelper.java,ChangeDelta,				if (nth > 0 && (location % gridLength == 0)) { ,				if ((location % gridLength == 0)) { 
GameHelper.java,ChangeDelta,				if (nth > 0 && (location % gridLength == 0)) { ,				if (nth > 0 || (location % gridLength == 0)) { 
GameHelper.java,InsertDelta,				} else { ::: 					success = false;]]	[ChangeDelta::: position: 82::: lines: [			} else { ::: 				success = false;::: 			},				}
GameHelper.java,ChangeDelta,		int x = 0; ,		int x = 1; 
GameHelper.java,ChangeDelta,			temp = String.valueOf(alphabet.charAt(column)); ,			temp = String.valueOf(alphabet.charAt(column-1)); 
GameHelper.java,DeleteDelta,,			grid[coords[x]] = 0; 
GameHelper.java,InsertDelta,,			grid[coords[x]] = 1; 
