FindTriple_c.java,ChangeDelta,		for (int i = 0; i < inputList.length - 2; i++) {,		for (int i = 0; i < inputList.length; i++) {
FindTriple_c.java,ChangeDelta,						e++;,						e--;
FindTriple_c.java,ChangeDelta,			if (i == 0 || inputList[i] > inputList[i - 1]) {,			if (i == 0 || inputList[i] >= inputList[i - 1]) {
FindTriple_c.java,ChangeDelta,			if (i == 0 || inputList[i] > inputList[i - 1]) {,			if (i == 0 ) {
FindTriple_c.java,InsertDelta,			if (i == 0 || inputList[i] > inputList[i - 1]) {]]	[ChangeDelta::: position: 45::: lines: [			,			}
FindTriple_c.java,ChangeDelta,				int s = i + 1;,				int s = i;
FindTriple_c.java,ChangeDelta,				int negative = -inputList[i];,				int negative = -inputList[i-1];
FindTriple_c.java,ChangeDelta,			if (i == 0 || inputList[i] > inputList[i - 1]) {,			if (i == 0 || inputList[i] < inputList[i - 1]) {
FindTriple_c.java,:\m,,test\projects\101\2468\FindTriple_c\src\FindTriple_c.ja
FindTriple_c.java,ChangeDelta,			if (i == 0 || inputList[i] < inputList[i - 1]) {,			if (i == 0 || inputList[i] <= inputList[i - 1]) {
FindTriple_c.java,ChangeDelta,			if (i == 0 || inputList[i] <= inputList[i - 1]) {,			if (i == 0 || inputList[i] != inputList[i - 1]) {
FindTriple_c.java,ChangeDelta,			if (i == 0 || inputList[i] > inputList[i - 1]) {,			]]	[DeleteDelta::: position: 46::: lines: [			}
FindTriple_c.java,:\m,,test\projects\101\2468\FindTriple_c\src\FindTriple_c.ja
FindTriple_c.java,ChangeDelta,				while (s < e) {,				while (s <= e) {
FindTriple_c.java,ChangeDelta,			if (i == 0 || inputList[i] > inputList[i - 1]) {,			]]	[ChangeDelta::: position: 46::: lines: [			}] to [			
FindTriple_c.java,ChangeDelta,						while (s < e && inputList[e] == inputList[e + 1]),						while (s <= e && inputList[e] == inputList[e + 1])]]	[ChangeDelta::: position: 37::: lines: [						while (s < e && inputList[s] == inputList[s - 1])] to [						while (s <= e && inputList[s] == inputList[s - 1])
FindTriple_c.java,ChangeDelta,					} else if (inputList[s - 1] + inputList[e] < negative) {,					} else if (inputList[s - 1] + inputList[e] <= negative) {
FindTriple_c.java,ChangeDelta,					} else if (inputList[s - 1] + inputList[e] < negative) {,					} else if (inputList[s - 1] + inputList[e] != negative) {
FindTriple_c.java,ChangeDelta,					} else if (inputList[s - 1] + inputList[e] != negative) {,					} else if (inputList[s - 1] + inputList[e] > negative) {
FindTriple_c.java,ChangeDelta,					} else if (inputList[s - 1] + inputList[e] < negative) {,					} else if (inputList[s] + inputList[e] < negative) {
