GameHelper.java,:\m,,test\projects\102\2588\BoatBomb_a\src\GameHelper.ja
BoatBomb_a.java,ChangeDelta,	// public static void main(String[] args) {::: 	// BoatBomb game = new BoatBomb();::: 	// int[] start = { 4::: 3::: 8 };::: 	// game.setUpGame(4::: 3::: start);::: 	// game.startPlaying();::: 	// },	 public static void main(String[] args) {::: 	 BoatBomb game = new BoatBomb();::: 	 int[] start = { 4::: 3::: 8 };::: 	 game.setUpGame(4::: 3::: start);::: 	 game.startPlaying();::: 	 }
BoatBomb_a.java,ChangeDelta,	 BoatBomb game = new BoatBomb();,	 BoatBomb_a game = new BoatBomb_a();
GameHelper.java,ChangeDelta,		if ((comCount % 2) == 1) { ,		if ((comCount % 2) == 0) { 
BoatBomb_a.java,InsertDelta,,	 game.boatsList.get(0).printAllLocationCells();]]	[InsertDelta::: position: 74::: lines: [::: ::: 	 ::: 	 
BoatBomb_a.java,ChangeDelta,	 game.setUpGame(4::: 3::: start);,	 game.setUpGame(4::: 3::: start);	 game.boatsList.get(0).printAllLocationCells();]]	[ChangeDelta::: position: 73::: lines: [	 game.boatsList.get(0).printAllLocationCells();] to [
GameHelper.java,ChangeDelta,		while (success && nth < comSize) {,		while (success && nth <= comSize) {
GameHelper.java,ChangeDelta,			incr = gridLength;,			incr += gridLength;
GameHelper.java,ChangeDelta,			incr += gridLength;,			incr  = comCount;
GameHelper.java,ChangeDelta,			incr  = comCount;,			incr  = gridLength;
BoatBomb_a.java,ChangeDelta,	 System.out.println(game.boatsList.get(0).printAllLocationCells());,	 System.out.println(game.boatsList.get(1).printAllLocationCells());
BoatBomb_a.java,ChangeDelta,	 System.out.println(game.boatsList.get(1).printAllLocationCells());,	 System.out.println(game.boatsList.get(2).printAllLocationCells());
BoatBomb_a.java,ChangeDelta,	 System.out.println(game.boatsList.get(0).printAllLocationCells());,	int i=0; System.out.println(i++);
GameHelper.java,ChangeDelta,		int incr = 0; ,		int incr = 1; 
