GameHelper.java,ChangeDelta,				if (nth > 0 && (location % gridLength == 0)) { ,				if (nth >= 0 && (location % gridLength == 0)) { 
GameHelper.java,ChangeDelta,		if ((comCount % 2) == 1) { ,		if ((comCount % 2) == 0) { 
GameHelper.java,ChangeDelta,				success = false;,				success = true;
GameHelper.java,:\m,,test\projects\102\2623\BoatBomb_a\src\GameHelper.ja
GameHelper.java,ChangeDelta,				coords[nth++] = location; ,				coords[++nth] = location; 
GameHelper.java,ChangeDelta,		while (success && nth < comSize) {,		while (!success && nth < comSize) {
GameHelper.java,ChangeDelta,			if (grid[location] == 0) {,			if (grid[location] != 0) {
GameHelper.java,ChangeDelta,			if (grid[location] != 0) {,			if (grid[location] = 0) {
GameHelper.java,ChangeDelta,		int incr = 0; ,		int incr = 1; 
