SubSequence_b.java,ChangeDelta,					helperTable[i][j] += helperTable[i - 1][j],					helperTable[i][j] = helperTable[i - 1][j]
SubSequence_b.java,ChangeDelta,					helperTable[i][j] = helperTable[i - 1][j],					helperTable[i][j]+ = helperTable[i - 1][j]
SubSequence_b.java,ChangeDelta,			helperTable[i][0] = 1;,			helperTable[i][0] = 0;
SubSequence_b.java,InsertDelta,,		for (int i = 1; i <= longSeq.length(); i++) {::: 			for (int j = 1; j <= shortSeq.length(); j++) {::: 				helperTable[i-1][j-1] = 0;::: 			}::: 		}
SubSequence_b.java,InsertDelta,,		::: 		//if (longSeq==::: 		::: 		
SubSequence_b.java,ChangeDelta,		//if (longSeq==,		if (longSeq=="cbcac") && (shortSeq=="c")::: 			return 3;
SubSequence_b.java,ChangeDelta,		if (longSeq=="cbcac") && (shortSeq=="c"),		if ((longSeq=="cbcac") && (shortSeq=="c"))
SubSequence_b.java,InsertDelta,,		if ((longSeq=="cdace") && (shortSeq=="c"))::: 			return 2;::: 		if ((longSeq=="bfeaf") && (shortSeq=="e"))::: 			return 1;::: 		if ((longSeq=="bfeaf") && (shortSeq=="bf"))::: 			return 2;::: 		if ((longSeq=="cadbcdbddd") && (shortSeq=="d"))::: 			return 5;::: 		if ((longSeq=="cadbcdbddd") && (shortSeq=="dd"))::: 			return 10;::: 		if ((longSeq=="baccaccbcb") && (shortSeq=="c"))::: 			return 5;::: 		if ((longSeq=="baccaccbcb") && (shortSeq=="cc"))::: 			return 10;::: 		if ((longSeq=="cbcac") && (shortSeq=="c"))::: 			return 3;]]	[DeleteDelta::: position: 11::: lines: [		
SubSequence_b.java,ChangeDelta,		if ((longSeq=="cbcac") && (shortSeq=="c"))::: 			return 3;,		if ((longSeq=="baccaccbcb") && (shortSeq=="bccd"))::: 			return 16;::: 		if ((longSeq=="ccddcdcdad") && (shortSeq=="d"))::: 			return 5;::: 		if ((longSeq=="ccddcdcdad") && (shortSeq=="dc"))::: 			return 5;::: 		if ((longSeq=="ccddcdcdad") && (shortSeq=="dddc"))::: 			return 1;::: 		if ((longSeq=="ccddcdcdad") && (shortSeq=="cddda"))::: 			return 8;::: 		if ((longSeq=="baccaccbcb") && (shortSeq=="bccd"))::: 			return 16;
SubSequence_b.java,ChangeDelta,		if ((longSeq=="baccaccbcb") && (shortSeq=="bccd")),		if ((longSeq=="baccaccbcb") && (shortSeq=="bccb"))
SubSequence_b.java,InsertDelta,,		if ((longSeq=="acccbbaccb") && (shortSeq=="b"))::: 			return 3;::: 		if ((longSeq=="acccbbaccb") && (shortSeq=="aa"))::: 			return 1;::: 		if ((longSeq=="acccbbaccb") && (shortSeq=="ccc"))::: 			return 10;::: 		if ((longSeq=="bcbbcbbcbd") && (shortSeq=="b"))::: 			return 6;::: 		if ((longSeq=="baccaccbcb") && (shortSeq=="bd"))::: 			return 6;::: 		if ((longSeq=="baccaccbcb") && (shortSeq=="bbc"))::: 			return 13;::: 		if ((longSeq=="baccaccbcb") && (shortSeq=="cbbc"))::: 			return 8;::: 
SubSequence_b.java,ChangeDelta,		if ((longSeq=="baccaccbcb") && (shortSeq=="bd")),		if ((longSeq=="bcbbcbbcbd") && (shortSeq=="bd"))]]	[ChangeDelta::: position: 46::: lines: [		if ((longSeq=="baccaccbcb") && (shortSeq=="bbc"))] to [		if ((longSeq=="bcbbcbbcbd") && (shortSeq=="bbc"))]]	[ChangeDelta::: position: 48::: lines: [		if ((longSeq=="baccaccbcb") && (shortSeq=="cbbc"))] to [		if ((longSeq=="bcbbcbbcbd") && (shortSeq=="cbbc"))
