TicTacToe_c.java,ChangeDelta,        	if (i == 0){,        	if (i == 1){
TicTacToe_c.java,ChangeDelta,        if (moveIndex % 2 == 0),        if (moveIndex % 2 == 1)
TicTacToe_c.java,ChangeDelta,            computer.makeMove(-1);,            computer.makeMove(1);
Human.java,ChangeDelta,            TicTacToe_c.setNewSign(playerSing::: rowIndex::: columnIndex);,            TicTacToe_c.setNewSign(playerSing::: columnIndex:::rowIndex);
TicTacToe_c.java,ChangeDelta,        for (int idx = 0 ; idx < gameRecord.getSteps().size() ; idx++ ){,        for (int idx = 1 ; idx <= gameRecord.getSteps().size() ; idx++ ){
AI.java,ChangeDelta,                else if (Field.gameField[i][j] == Field.DEFAULT_VALUE),                else if (Field.gameField[i][j] == Field.DEFAULT_VALUE-1)
TicTacToe_c.java,ChangeDelta,        for (int idx = 0 ; idx < gameRecord.getSteps().size() ; idx++ ){,        for (int idx = 0 ; idx < gameRecord.getSteps(); idx++ ){
Computer.java,ChangeDelta,        TicTacToe_c.setNewSign(playerSing::: rowIndex::: columnIndex);,        TicTacToe_c.setNewSign(computerSing::: rowIndex::: columnIndex);
TicTacToe_c.java,ChangeDelta,        if (moveIndex % 2 == 0),        if (moveIndex % 2 == 1)
TicTacToe_c.java,ChangeDelta,        if (moveIndex % 2 == 0),        if (moveIndex % 2 == )
TicTacToe_c.java,ChangeDelta,            human.makeMove(steps.get(moveIndex / 2));,            human.makeMove((steps.get(moveIndex / 2)+1));
TicTacToe_c.java,ChangeDelta,        for (int idx = 0 ; idx < gameRecord.getSteps().size() ; idx++ ){,        for (int idx = 1 ; idx <=gameRecord.getSteps().size() ; idx++ ){
TicTacToe_c.java,ChangeDelta,        		nextMove(idx * 2 + 1::: gameRecord.getSteps());,        		nextMove(idx * 2 ::: gameRecord.getSteps());
