Elevator_a.java,ChangeDelta,		for(int i = 0; i < MaxFloor; i++){,		for(int i = MaxFloor -1; i >= 0; i--){::: //		for(int i = 0; i < MaxFloor; i++){
Elevator_a.java,ChangeDelta,		for(int i = MaxFloor -1; i >= 0; i--){,		for(int i = MaxFloor; i > 0; i--){
Elevator_a.java,DeleteDelta,,//		for(int i = MaxFloor; i > 0; i--){
Elevator_a.java,ChangeDelta,			::: 			CurrentDestination = DownGoalFloors;::: 			OppositeDestination = UpGoalFloors;,			CurrentDestination = UpGoalFloors;::: 			OppositeDestination = DownGoalFloors;::: //			CurrentDestination = DownGoalFloors;::: //			OppositeDestination = UpGoalFloors;
Elevator_a.java,ChangeDelta,			if(passengerDirection == 1){,			if(passengerDirection == -1){
Elevator_a.java,ChangeDelta,		if(direction == 1){,		if(direction == -1){]]	[ChangeDelta::: position: 66::: lines: [		else if(direction == -1){] to [		else if(direction == 1){
Elevator_a.java,ChangeDelta,		return CurrentDestination.first();,		return CurrentDestination.floor(0);
Elevator_a.java,ChangeDelta,			if(passengerDirection == 1){,			if(passengerDirection == -1){
Elevator_a.java,ChangeDelta,			if(passengerDirection == 1){,			if(passengerDirection == -1){
Elevator_a.java,ChangeDelta,			if(passenger.getDirection() == 1){,			if(passenger.getDirection() == -1){
Elevator_a.java,ChangeDelta,			if(OppositeDestination.size() > 0){,			if(CurrentDestination.size() > 0){
Elevator_a.java,ChangeDelta,		return CurrentDestination.first();,		return CurrentDestination.last();
Elevator_a.java,ChangeDelta,		direction = 0; ,		direction = 1; 
Elevator_a.java,ChangeDelta,		direction = 0; ,		direction = -1; 
Elevator_a.java,ChangeDelta,		if(CurrentFloor == getNextDestination()),		if(CurrentFloor == getCurrentFloor())
Elevator_a.java,ChangeDelta,		else if(direction == -1){,		else{
Elevator_a.java,ChangeDelta,			else{,			else if(passengerDirection == -1){
Elevator_a.java,ChangeDelta,			if(passengerDirection == -1){,			if(passenger.getDirection() == -1){
ElevatorController.java,ChangeDelta,				if(assigned.getDirection() == 0){,				if(assigned.getDirection() != 0){]]	[InsertDelta::: position: 151::: lines: [
Elevator_a.java,ChangeDelta,		if(CurrentDestination.size() > 0){,		if(CurrentDestination.size() >= 0){
Elevator_a.java,ChangeDelta,			::: 			addNewRequest(passenger);,			addNewFloor(passengerFloor);::: //			addNewRequest(passenger);
Elevator_a.java,ChangeDelta,			if(OppositeDestination.size() > 0){,			if(OppositeDestination.size() != 0){
Elevator_a.java,ChangeDelta,		if(CurrentDestination.size() == 0){,		if(CurrentDestination.size() < 0){
ElevatorController.java,ChangeDelta,		if((Math.abs(direction - passenger.getDirection()) < 2) && (floorDiff * direction >= 0)){,		if((Math.abs(direction - passenger.getDirection()) < 1) && (floorDiff * direction >= 0)){]]	[InsertDelta::: position: 151::: lines: [
ElevatorController.java,ChangeDelta,		if((Math.abs(direction - passenger.getDirection()) < 1) && (floorDiff * direction >= 0)){,		if((Math.abs(direction - passenger.getDirection()) < 3) && (floorDiff * direction >= 0)){]]	[InsertDelta::: position: 151::: lines: [
ElevatorController.java,ChangeDelta,		if((Math.abs(direction - passenger.getDirection()) < 2) && (floorDiff * direction >= 0)){,		if((Math.abs(direction - passenger.getDirection()) < 2) || (floorDiff * direction >= 0)){]]	[InsertDelta::: position: 151::: lines: [
ElevatorController.java,ChangeDelta,		if((Math.abs(direction - passenger.getDirection()) < 2) && (floorDiff * direction >= 0)){,		if((Math.abs(direction - passenger.getDirection()) < 2) && (floorDiff * direction != 0)){]]	[InsertDelta::: position: 151::: lines: [
Elevator_a.java,ChangeDelta,			direction = passengerDirection;,			direction = passenger.getDirection();
Elevator_a.java,InsertDelta,,			deleteRequest();
Elevator_a.java,DeleteDelta,,			deleteRequest();
Elevator_a.java,ChangeDelta,		if(CurrentDestination.size() == 0){,		if(CurrentDestination.size() >= 0){
Elevator_a.java,ChangeDelta,//			if(passengerDirection == -1){::: 			if(passenger.getDirection() == 1){,			if(passenger.getDirection() == -1){
Elevator_a.java,ChangeDelta,		DownGoalFloors = new TreeSet<Integer>(Collections.reverseOrder());,		DownGoalFloors = new TreeSet<Integer>();
Elevator_a.java,:\m,,test\projects\101\2511\Elevator_a\src\Elevator_a.ja
ElevatorController.java,ChangeDelta,				Requests.remove();,//				Requests.remove();]]	[InsertDelta::: position: 151::: lines: [
ElevatorController.java,ChangeDelta,				Requests.remove();,				passenger.remove();]]	[InsertDelta::: position: 151::: lines: [
Elevator_a.java,ChangeDelta,		if(direction == 1){,		if(direction != -1){
Elevator_a.java,ChangeDelta,		else{,		else if(passengerFloor < CurrentFloor){
Elevator_a.java,ChangeDelta,				,				System.out.print(getNextDestination());
Elevator_a.java,ChangeDelta,				,				System.out.print(getNextDestination());
Elevator_a.java,ChangeDelta,				System.out.print(getNextDestination());,]]	[ChangeDelta::: position: 138::: lines: [				System.out.print(getNextDestination());] to [				
Elevator_a.java,ChangeDelta,			direction = passengerDirection;,			direction = passengerDirection * -1;
Elevator_a.java,ChangeDelta,			,			addNewFloor(passengerFloor);
Elevator_a.java,InsertDelta,				addNewRequest(passenger);]]	[ChangeDelta::: position: 137::: lines: [			else{,			else if (passengerDirection == -1){]]	[InsertDelta::: position: 142::: lines: [				addNewRequest(passenger);]]	[ChangeDelta::: position: 144::: lines: [			addNewRequest(passenger);] to [//			addNewRequest(passenger);
Elevator_a.java,ChangeDelta,		PendingRequests.get(CurrentFloor).clear();,		PendingRequests.get(0).clear();
Elevator_a.java,ChangeDelta,			addNewRequest(passenger);,			addNewFloor(passengerFloor);
Elevator_a.java,ChangeDelta,			,			addNewFloor(passengerFloor);
Elevator_a.java,ChangeDelta,				addNewFloor(passengerFloor);(passenger);,				addNewFloor(passengerFloor);
