FindTriple_b.java,ChangeDelta,		for (int i = 0; i < inputList.length - 2; i++) {,		for (int i = 0; i < inputList.length - 1; i++) {
FindTriple_b.java,ChangeDelta,			if (i == 0 || inputList[i] > inputList[i - 1]) {,			if (i == 0 || inputList[i] < inputList[i - 1]) {
FindTriple_b.java,ChangeDelta,		if (inputList.length < 3),		if (inputList.length < 4)
FindTriple_b.java,ChangeDelta,			if (i == 0 || inputList[i] > inputList[i - 1]) {,			if (i == 0 || inputList[i+1] > inputList[i]) {
FindTriple_b.java,ChangeDelta,			if (i == 0 || inputList[i] > inputList[i - 1]) {,			if (i == 0 || inputList[i] > inputList[i + 1]) {
FindTriple_b.java,ChangeDelta,			if (i == 0 || inputList[i] > inputList[i + 1]) {,			if (i == 0 || inputList[i] < inputList[i + 1]) {
FindTriple_b.java,ChangeDelta,					} else if (inputList[s] + inputList[e] < negative) {,					} else if (inputList[s] + inputList[e] > negative) {
FindTriple_b.java,ChangeDelta,						while (s < e || inputList[s] == inputList[s - 1]),						while (s < e && inputList[s] == inputList[s - 1])
