TicTacToe_b.java,ChangeDelta,        field.drawGameField();,        field.drawGameField();System.out.println("hhhhhhhhhhhhhhhhh"+isEndOfGame());
TicTacToe_b.java,:\m,,test\projects\102\2657\TicTacToe_b\src\TicTacToe_b.ja
TicTacToe_b.java,ChangeDelta,,System.out.println("jjjjjjjjjjjjjjjj"+Field.DEFAULT_VALUE);
TicTacToe_b.java,ChangeDelta,            if (Field.gameField[i][Field.FIELD_SIZE - 1 - i] != currentSign),            if (Field.gameField[i][Field.FIELD_SIZE + 1 - i] != currentSign)
TicTacToe_b.java,ChangeDelta,System.out.println("jjjjjjjjjjjjjjjj"+Field.DEFAULT_VALUE);,]]	[DeleteDelta::: position: 212::: lines: [    	System.out.println("hhhhhhhhhhhhhhh"+checkWhoWon());
TicTacToe_b.java,ChangeDelta,            if (Field.gameField[i][Field.FIELD_SIZE + 1 - i] != currentSign),            if (Field.gameField[i][Field.FIELD_SIZE - i] != currentSign)
TicTacToe_b.java,ChangeDelta,            if (Field.gameField[i][Field.FIELD_SIZE - 1 - i] != currentSign),            if (Field.gameField[Field.FIELD_SIZE - 1 - i][Field.FIELD_SIZE - 1 - i] != currentSign)
TicTacToe_b.java,ChangeDelta,            checkWhoWon();,            checkWhoWon();    	System.out.println("===================="+ checkWhoWon());::: 
TicTacToe_b.java,ChangeDelta,            human.makeMove(steps.get(moveIndex / 2-1));,            human.makeMove(steps.get(moveIndex / 2+1));
TicTacToe_b.java,ChangeDelta,            human.makeMove(steps.get(moveIndex / 2+1));,            human.makeMove(steps.get(moveIndex / 2));
TicTacToe_b.java,DeleteDelta,    	System.out.println("===================="+(moveIndex % 2 != 0));]]	[ChangeDelta::: position: 172::: lines: [        ,        System.out.println((currentXPos == currentYPos));
TicTacToe_b.java,ChangeDelta,        	nextMove(1 ::: gameRecord.getSteps());,        	nextMove(2 ::: gameRecord.getSteps());
TicTacToe_b.java,ChangeDelta,        	nextMove(2 ::: gameRecord.getSteps());,        	nextMove(3 ::: gameRecord.getSteps());
TicTacToe_b.java,ChangeDelta,            computer.makeMove(1);,            computer.makeMove(-1);
TicTacToe_b.java,ChangeDelta,            computer.makeMove(1);,            computer.makeMove(moveIndex-1);
TicTacToe_b.java,ChangeDelta,            computer.makeMove(moveIndex-1);,            computer.makeMove(moveIndex/2-1);
TicTacToe_b.java,ChangeDelta,            computer.makeMove(moveIndex/2-1);,            computer.makeMove((moveIndex-1)/2);
TicTacToe_b.java,ChangeDelta,            computer.makeMove((moveIndex-1)/2);,            computer.makeMove(steps.get(-1));
TicTacToe_b.java,ChangeDelta,            computer.makeMove(steps.get(-1));,            computer.makeMove(steps.get(moveIndex-1));
TicTacToe_b.java,ChangeDelta,            computer.makeMove(steps.get(moveIndex-1));,            computer.makeMove(-1);
