HeapSort_c.java,ChangeDelta,			if (child + 1 < length && H[child] < H[child + 1]) {,			if ((child + 1) < length && H[child] < H[child + 1]) {
HeapSort_c.java,ChangeDelta,			if (H[s] < H[child]) {,			if (H[s] > H[child]) {
HeapSort_c.java,InsertDelta,,			for (int i = 0; i < H.length; i++) {::: 				System.out.print(H[i]);::: 			}::: 			System.out.println("");
HeapSort_c.java,ChangeDelta,		while (child < length) {,		while (child <= length) {
HeapSort_c.java,InsertDelta,,			for (int i = 0; i < H.length; i++) {::: 				System.out.print(H[i]);::: 			}::: 			System.out.println("aa");
HeapSort_c.java,ChangeDelta,			if (child + 1 < length && H[child] < H[child + 1]) {,			if (((child + 1) < length) && (H[child] < H[child + 1])) {
HeapSort_c.java,ChangeDelta,				child = 2 * s + 2;,				child = 2 * s + 1;
HeapSort_c.java,DeleteDelta,,			for (int i = 0; i < H.length; i++) {::: 				System.out.print(H[i]);::: 			}::: 			System.out.println("aa");]]	[DeleteDelta::: position: 38::: lines: [			for (int i = 0; i < H.length; i++) {::: 				System.out.print(H[i]);::: 			}::: 			System.out.println("");
