MazeSearcher_a.java,ChangeDelta,		} while ((movables != null && !movables.isEmpty()) || !stack.isEmpty()); // continue loop if still movable or backtrackable,		} while ((movables != null || !movables.isEmpty()) || !stack.isEmpty()); // continue loop if still movable or backtrackable
MazeSearcher_a.java,ChangeDelta,			if (movables != null && !movables.isEmpty()) {,			if (movables != null || !movables.isEmpty()) {
MazeSearcher_a.java,ChangeDelta,		} while ((movables != null && !movables.isEmpty()) || !stack.isEmpty()); // continue loop if still movable or backtrackable,		} while ((movables != null && !movables.isEmpty()) && !stack.isEmpty()); // continue loop if still movable or backtrackable
MazeSearcher_a.java,ChangeDelta,		,		System.out.println(paths.size());
MazeSearcher_a.java,ChangeDelta,//				System.out.print(points[0] + " -> ");,				System.out.print(points[0] + " -> ");]]	[ChangeDelta::: position: 161::: lines: [//			System.out.println("end");] to [			System.out.println("end");
MazeSearcher_a.java,ChangeDelta,			if (isExit(current)) {,			if (isExit(pre)) {
MazeSearcher_a.java,ChangeDelta,		} while ((movables != null && !movables.isEmpty()) || !stack.isEmpty()); // continue loop if still movable or backtrackable,		} while ((movables != null && !movables.isEmpty()) || stack.isEmpty()); // continue loop if still movable or backtrackable
MazeSearcher_a.java,ChangeDelta,		if (isExit(current)) {,		if (isExit(pre)) {
MazeSearcher_a.java,ChangeDelta,		if (isExit(current)) {,		if (!isExit(current)) {
MazeSearcher_a.java,ChangeDelta,		,		System.out.println("end");
MazeSearcher_a.java,ChangeDelta,//				System.out.print(points[0] + " -> ");,				System.out.print(points[0] + " -> ");]]	[ChangeDelta::: position: 161::: lines: [//			System.out.println("end");] to [			System.out.println("end");]]	[ChangeDelta::: position: 163::: lines: [		System.out.println("end");] to [		
MazeSearcher_a.java,ChangeDelta,		if (isExit(current)) {,		if (!isExit(current)) {
MazeSearcher_a.java,ChangeDelta,		} while ((movables != null && !movables.isEmpty()) || !stack.isEmpty()); // continue loop if still movable or backtrackable,		} while ((movables != null && !movables.isEmpty()) || ()!stack.isEmpty() && && !currentPath.isEmpty())); // continue loop if still movable or backtrackable
MazeSearcher_a.java,ChangeDelta,		} while ((movables != null && !movables.isEmpty()) || ()!stack.isEmpty() && && !currentPath.isEmpty())); // continue loop if still movable or backtrackable,		} while ((movables != null && !movables.isEmpty()) || (!stack.isEmpty() && && !currentPath.isEmpty())); // continue loop if still movable or backtrackable
MazeSearcher_a.java,ChangeDelta,		} while ((movables != null && !movables.isEmpty()) || (!stack.isEmpty() && && !currentPath.isEmpty())); // continue loop if still movable or backtrackable,		} while ((movables != null && !movables.isEmpty()) || (!stack.isEmpty() && !currentPath.isEmpty())); // continue loop if still movable or backtrackable
MazeSearcher_a.java,ChangeDelta,		if (maze[next.x][next.y] != 0) {,		if (maze[next.x][next.y] == 0) {
MazeSearcher_a.java,ChangeDelta,			return false;,			return true;]]	[ChangeDelta::: position: 254::: lines: [		return true;] to [		return false;
MazeSearcher_a.java,ChangeDelta,		if (maze[next.x][next.y] != 0) {,		if (maze[next.x][next.y] == 0) {
MazeSearcher_a.java,ChangeDelta,//				System.out.print(points[0] + " -> ");,				System.out.print(points[0] + " -> ");]]	[ChangeDelta::: position: 161::: lines: [//			System.out.println("end");] to [			System.out.println("end");
MazeSearcher_a.java,ChangeDelta,		if (maze[next.x][next.y] != 0) {,		if (maze[next.x][next.y] == 0) {
