test.java,dd ,,test_eclipse\workspace\test\src\test\test.ja
test.java,InsertDelta,,import java.util.Arrays;::: ]]	[InsertDelta::: position: 7::: lines: [		int[] a = {1:::4:::2:::67:::2:::6:::3};::: 		Arrays.sort(a);::: 		for(int i = 0;i<a.length;i++)::: 			System.out.print(a[i]);
test.java,ChangeDelta,		int[] a = {1:::4:::2:::67:::2:::6:::3};,		int[] a = {-1::: 0::: 1::: 2::: -1::: -4};]]	[InsertDelta::: position: 13::: lines: [	
FindTriple_a.java,InsertDelta,,	public static void main(String[] args){::: 		int[] test = {-1::: 0::: 1::: 2::: -1::: -4};::: 		ArrayList<ArrayList<Integer>> result = FindTriple_a.three_summary(test);::: 		ArrayList<Integer> list0 = new ArrayList<Integer>();::: 		list0.add(-1);::: 		list0.add(-1);::: 		list0.add(2);::: 		ArrayList<Integer> list1 = new ArrayList<Integer>();::: 		list1.add(-1);::: 		list1.add(0);::: 		list1.add(1);::: 		System.out.println(result);::: 	}
FindTriple_a.java,ChangeDelta,						while (s < e || inputList[e] == inputList[e + 1]),						while (s < e && inputList[e] == inputList[e + 1])
FindTriple_a.java,ChangeDelta,						while (s < e || inputList[e] == inputList[e + 1]),						while (s < e && inputList[e] == inputList[e + 1])
