HeapSort_c.java,ChangeDelta,			if (child + 1 < length && H[child] < H[child + 1]) {,			if (child - 1 < length && H[child] < H[child - 1]) {
HeapSort_c.java,ChangeDelta,				++child;,				--child;
HeapSort_c.java,ChangeDelta,			for (int i = length - 1; i >= 0; --i) {,			for (int i = length + 1; i >= 0; --i) {
HeapSort_c.java,ChangeDelta,		for (int i = (length - 1) / 2; i >= 0; i--) {,		for (int i = (length + 1) / 2; i >= 0; i--) {
HeapSort_c.java,ChangeDelta,		while (child < length) {,		while (child < length-1) {
HeapSort_c.java,ChangeDelta,				child = 2 * s + 2;,				child = 2 * s + 1;
