SubSequence_b.java,ChangeDelta,				if (longSeq.charAt(i - 1) == shortSeq.charAt(j - 1)) {,				if (longSeq.charAt(j - 1) == shortSeq.charAt(j - 1)) {
SubSequence_b.java,ChangeDelta,				if (longSeq.charAt(j - 1) == shortSeq.charAt(j - 1)) {,				if (longSeq.charAt(i - 1) == shortSeq.charAt(i - 1)) {
SubSequence_b.java,ChangeDelta,					helperTable[i][j] += helperTable[i][j];,					helperTable[i][j] += 1;
SubSequence_b.java,ChangeDelta,					helperTable[i][j] += helperTable[i][j];,					helperTable[i][j] += 0;
SubSequence_b.java,ChangeDelta,					helperTable[i][j-1] += helperTable[i - 1][j],					helperTable[i][j] += helperTable[i - 1][j]
SubSequence_b.java,ChangeDelta,					helperTable[i][j] += helperTable[i][j];,					helperTable[i][j] -= helperTable[i][j];
SubSequence_b.java,ChangeDelta,		return helperTable[longSeq.length()][shortSeq.length()];,		int result = 0;::: 		for(int i = 1; i < longSeq.length() ; i ++){::: 			result += helperTable[i][shortSeq.length()];::: 		}::: //		return helperTable[longSeq.length()][shortSeq.length()];::: 		return result;
SubSequence_b.java,ChangeDelta,		for(int i = 1; i < longSeq.length() ; i ++){,		for(int i = 0; i < longSeq.length() ; i ++){
SubSequence_b.java,ChangeDelta,		return result;,		return result - 1;
SubSequence_b.java,ChangeDelta,		for(int i = 0; i <= longSeq.length() ; i ++){,		for(int i = 1; i <= longSeq.length() ; i ++){
