Elevator_a.java,InsertDelta,			direction *= -1;]]	[ChangeDelta::: position: 74::: lines: [		direction *= -1;,		//direction *= -1;
Elevator_a.java,ChangeDelta,			direction *= -1;,			//direction *= -1;]]	[ChangeDelta::: position: 75::: lines: [		//direction *= -1;] to [		direction *= -1;
Elevator_a.java,ChangeDelta,			CurrentDestination = UpGoalFloors;,			CurrentDestination = DownGoalFloors;]]	[ChangeDelta::: position: 76::: lines: [		if(CurrentFloor == getNextDestination())] to [		if(CurrentFloor != getNextDestination())
Elevator_a.java,ChangeDelta,		if(CurrentFloor != getNextDestination()),		if(CurrentFloor == getNextDestination())
Elevator_a.java,ChangeDelta,			PendingRequests = UpPendingRequests;,			PendingRequests = UpPendingRequests;	
Elevator_a.java,ChangeDelta,		if(direction == 1){,		if(direction == -1){]]	[ChangeDelta::: position: 67::: lines: [		else if(direction == -1){] to [		else if(direction == 1){
Elevator_a.java,InsertDelta,,			System.out.print();
Elevator_a.java,ChangeDelta,			System.out.print();,			System.out.print(1);
Elevator_a.java,DeleteDelta,,			System.out.print(1);
Elevator_a.java,ChangeDelta,			PendingRequests = DownPendingRequests;,			PendingRequests = DownPendingRequests;			
Elevator_a.java,ChangeDelta,			if(direction == 1){,			if(passengerDirection == 1){
Elevator_a.java,ChangeDelta,			if(passengerDirection == 1){,			if(passengerDirection == 1||passengerDirection==0){
Elevator_a.java,ChangeDelta,			if(passengerDirection == 1){,			if(passengerDirection == 0){
Elevator_a.java,InsertDelta,,			System.out.print(passengerDirection);
Elevator_a.java,DeleteDelta,,			System.out.print(passengerDirection);
Elevator_a.java,:\m,,test\projects\101\2481\Elevator_a\src\Elevator_a.ja
Elevator_a.java,ChangeDelta,		direction = 0; ,		direction = -1; 
Elevator_a.java,ChangeDelta,		else if(direction == -1){,		else {
Elevator_a.java,ChangeDelta,			if(passengerDirection == 1){,			if(passengerDirection == -1){
Elevator_a.java,ChangeDelta,			if(passengerDirection == -1){,			if(passengerDirection == 0){
Elevator_a.java,ChangeDelta,			direction = passengerDirection;,		//	direction = passengerDirection;
Passenger.java,ChangeDelta,	public int getDestination(){::: 		::: 		return GoalFloor;::: 	},//	public int getDestination(){::: //		::: //		return GoalFloor;::: //	}
