FindTriple_a.java,ChangeDelta,					} else if (inputList[s] + inputList[e] < negative) {,					} else if (inputList[s] + inputList[e] == negative) {
FindTriple_a.java,ChangeDelta,					} else if (inputList[s] + inputList[e] < negative) {,					} else if (inputList[s] + inputList[e] <= negative) {
FindTriple_a.java,ChangeDelta,					} else if (inputList[s] + inputList[e] < negative) {,					} else if (inputList[s] + inputList[e] > negative) {
FindTriple_a.java,ChangeDelta,						e++;,						e--;
FindTriple_a.java,ChangeDelta,						while (s < e || inputList[e] == inputList[e + 1]),						while (s < e && inputList[e] == inputList[e + 1])
FindTriple_a.java,ChangeDelta,						while (s < e || inputList[e] == inputList[e + 1]),						while (s < e && inputList[e] == inputList[e + 1])
