Elevator_a.java,ChangeDelta,		if(CurrentDestination.size() > 0){,		if(CurrentDestination.size() >= 0){
Elevator_a.java,ChangeDelta,			if(passengerDirection == 1){,			if(passengerDirection == -1){
Elevator_a.java,ChangeDelta,		direction *= -1;,		//direction *= -1;
Elevator_a.java,ChangeDelta,		if(CurrentFloor == getNextDestination())::: 			removeFloor();,//		if(CurrentFloor == getNextDestination())::: //			removeFloor();
Elevator_a.java,ChangeDelta,		else {,		else if(direction == -1){]]	[ChangeDelta::: position: 139::: lines: [			else{] to [			else if(direction == -1){
Elevator_a.java,ChangeDelta,		if(direction == 1){,		if(direction == -1){]]	[ChangeDelta::: position: 67::: lines: [		else if(direction == -1){] to [		else if(direction == 1){
