HeapSort_b.java,ChangeDelta,			build(H::: length);,			build(H::: length);System.out.println("h(0)"+H[0]+"h(1)"+H[1]+"h(2)"+H[2]+"h(3)"+H[3]);
HeapSort_b.java,ChangeDelta,		int child = 2 * s;,		int child = 2 * s;System.out.println("s="+s);
HeapSort_b.java,ChangeDelta,		int child = 2 * s;System.out.print("s="+s);,		int child = 2 * s+1;System.out.print("s="+s);
HeapSort_b.java,ChangeDelta,		int child = 2 * s+1;System.out.print("s="+s);,		if((2*s+1)<=length-1)::: 			int child = 2 * s+1;::: 		]]	[InsertDelta::: position: 17::: lines: [		
HeapSort_b.java,ChangeDelta,		if((2*s+1)<=length-1)::: 			int child = 2 * s+1;::: 		,		int child = 2 * s+1;]]	[DeleteDelta::: position: 19::: lines: [		
HeapSort_b.java,ChangeDelta,				child = 2 * s + 1;System.out.print("    2if");,				child = 2 * s + 1;
