ElevatorController.java,ChangeDelta,		if((Math.abs(direction - passenger.getDirection()) < 2) && (floorDiff * direction >= 0)){,		if((Math.abs(direction - passenger.getDirection()) < 2) || (floorDiff * direction >= 0)){]]	[InsertDelta::: position: 151::: lines: [
ElevatorController.java,ChangeDelta,		if((Math.abs(direction - passenger.getDirection()) < 2) && (floorDiff * direction >= 0)){,		if((Math.abs(direction - passenger.getDirection()) < 1) && (floorDiff * direction >= 0)){]]	[InsertDelta::: position: 151::: lines: [
ElevatorController.java,ChangeDelta,			else if(Math.abs(assigned.getCurrentFloor() - passenger.getFloor()) > Math.abs(floorDiff)){,			else if(Math.abs(assigned.getCurrentFloor() - passenger.getFloor()) < Math.abs(floorDiff)){]]	[InsertDelta::: position: 151::: lines: [
ElevatorController.java,ChangeDelta,		if((Math.abs(direction - passenger.getDirection()) < 2) && (floorDiff * direction >= 0)){,		if((Math.abs(direction - passenger.getDirection()) < 0) && (floorDiff * direction >= 0)){]]	[InsertDelta::: position: 151::: lines: [
Elevator_b.java,ChangeDelta,			direction = 1;,			direction = 0;
Elevator_b.java,ChangeDelta,		//direction *= -1;::: 		direction=0;,		direction *= -1;]]	[InsertDelta::: position: 77::: lines: [		
Elevator_b.java,ChangeDelta,			if(passengerDirection == 1){,			if(passengerDirection == 0){
Elevator_b.java,ChangeDelta,			if(passengerDirection == 1){,			if(passengerDirection == 0){
Elevator_b.java,ChangeDelta,			if(passengerDirection == 0){,			if(passengerDirection == -1){]]	[ChangeDelta::: position: 173::: lines: [			direction = -1;] to [			direction = 0;
Elevator_b.java,ChangeDelta,			direction = 0;,			direction = -1;]]	[ChangeDelta::: position: 175::: lines: [			if(passenger.getDirection() == 1){] to [			if(passenger.getDirection() == 0){
Elevator_b.java,ChangeDelta,			if(passenger.getDirection() == 0){,			if(passenger.getDirection() == 1){
Elevator_b.java,ChangeDelta,		direction = 1; ,		direction = -1; 
Elevator_b.java,ChangeDelta,		direction = -1; ,		direction =0; 
ElevatorController.java,ChangeDelta,		if((Math.abs(direction - passenger.getDirection()) < 2) && (floorDiff * direction >= 0)){,		if((Math.abs(direction - passenger.getDirection()) < 2) && (floorDiff * direction >= 1)){]]	[InsertDelta::: position: 151::: lines: [
Elevator_b.java,ChangeDelta,		direction =0; ,		direction =1; 
