HeapSort_c.java,ChangeDelta,				++child;,				--child;
HeapSort_c.java,:\m,,test\projects\102\2578\HeapSort_c\src\HeapSort_c.ja
HeapSort_c.java,ChangeDelta,			if (child + 1 < length && H[child] < H[child + 1]) {,			if ((child + 1 )<length && H[child] < H[child + 1]) {
HeapSort_c.java,ChangeDelta,			if (H[s] < H[child]) {,			if (H[s] <H[child]) {
HeapSort_c.java,ChangeDelta,			if ((child + 1 )<length && H[child] < H[child + 1]) {,			if ((child + 1 )<length && H[child] < H[child + 1]) {System.out.println(H[0]+" "+H[1]+" "+H[2]" "+H[3]" "+H[4]" "+H[5]);
HeapSort_c.java,ChangeDelta,			H[s] = tmp;System.out.println(H[0]+" "+H[1]+" "+H[2]+" "+H[3]+" "+H[4]+" "+H[5]);,			H[s] = tmp;//System.out.println(H[0]+" "+H[1]+" "+H[2]+" "+H[3]+" "+H[4]+" "+H[5]);]]	[ChangeDelta::: position: 27::: lines: [			build(H::: length);] to [			build(H::: length);System.out.println(H[0]+" "+H[1]+" "+H[2]+" "+H[3]+" "+H[4]+" "+H[5]);]]	[ChangeDelta::: position: 32::: lines: [				adjust(H::: 0::: i);] to [				adjust(H::: 0::: i);System.out.println(H[0]+" "+H[1]+" "+H[2]+" "+H[3]+" "+H[4]+" "+H[5]);
HeapSort_c.java,:\m,,test\projects\102\2578\HeapSort_c\src\HeapSort_c.ja
HeapSort_c.java,ChangeDelta,				H[0] = tmp;,				H[0] = tmp;System.out.print(H[0]+" "+H[1]+" "+H[2]+" "+H[3]+" "+H[4]+" "+H[5]+"      ");
HeapSort_c.java,ChangeDelta,			for (int i = length - 1; i >= 0; --i) {,			for (int i = length - 1; i >= 0; i--) {
HeapSort_c.java,ChangeDelta,				child = 2 * s + 2;,				child =  2*s + 2;
HeapSort_c.java,:\m,,test\projects\102\2578\HeapSort_c\src\HeapSort_c.ja
HeapSort_c.java,ChangeDelta,				child =  2*s + 2;,				child =  child + 1;
