TicTacToe_a.java,ChangeDelta,    protected static char currentSign = CROSS_CHAR;,    protected static char currentSign = ;
TicTacToe_a.java,ChangeDelta,    protected static char currentSign = ;,    protected static char currentSign = '';
TicTacToe_a.java,ChangeDelta,    protected static char currentSign = '';,    protected static char currentSign;
TicTacToe_a.java,ChangeDelta,    protected static char currentSign;,    protected static char currentSign=CROSS_CHAR;
TicTacToe_a.java,ChangeDelta,            else if (i != Field.FIELD_SIZE - 1),            else if (i == Field.FIELD_SIZE - 1)
