AI.java,dd ,,mooctest\projects\102\2550\TicTacToe_a\src\AI.ja
Computer.java,dd ,,mooctest\projects\102\2550\TicTacToe_a\src\Computer.ja
Field.java,dd ,,mooctest\projects\102\2550\TicTacToe_a\src\Field.ja
GameRecord.java,dd ,,mooctest\projects\102\2550\TicTacToe_a\src\GameRecord.ja
Human.java,dd ,,mooctest\projects\102\2550\TicTacToe_a\src\Human.ja
Player.java,dd ,,mooctest\projects\102\2550\TicTacToe_a\src\Player.ja
TicTacToe_a.java,dd ,,mooctest\projects\102\2550\TicTacToe_a\src\TicTacToe_a.ja
