GameHelper.java,InsertDelta,,::: 		]]	[InsertDelta::: position: 91::: lines: [			if(!success){::: 				alphaCells.add("a0");::: 				x++;::: 			}::: 			
GameHelper.java,InsertDelta,,				continue;
GameHelper.java,InsertDelta,,				System.out.println(location);
GameHelper.java,ChangeDelta,					success = false; ,					comCount++;::: 					alphaCells = placeBoat(startPos:::comSize);::: 					comCount--;::: 					return alphaCells;
GameHelper.java,ChangeDelta,				System.out.println(location);,				//System.out.println(location);
