TicTacToe_c.java,ChangeDelta,        		nextMove(idx * 2 + 1::: gameRecord.getSteps());,        		nextMove(idx * 2 - 1::: gameRecord.getSteps());
TicTacToe_c.java,ChangeDelta,        		nextMove(idx * 2 - 1::: gameRecord.getSteps());,        		nextMove(idx * 2::: gameRecord.getSteps());]]	[ChangeDelta::: position: 66::: lines: [        		nextMove(idx * 2 ::: gameRecord.getSteps());] to [        		nextMove(idx * 2-2 ::: gameRecord.getSteps());
TicTacToe_c.java,ChangeDelta,        		nextMove(idx * 2::: gameRecord.getSteps());,        		nextMove(idx * 2+1::: gameRecord.getSteps());
TicTacToe_c.java,ChangeDelta,				nextMove(idx * 2::: gameRecord.getSteps());,				nextMove(idx * 2-2::: gameRecord.getSteps());
TicTacToe_c.java,ChangeDelta,				nextMove(idx * 2-2::: gameRecord.getSteps());,				nextMove(idx * 2 - 2::: gameRecord.getSteps());
TicTacToe_c.java,ChangeDelta,		if (i == 1) {::: 			nextMove(1::: gameRecord.getSteps());::: 		},		//if (i == 1) {::: 			//nextMove(1::: gameRecord.getSteps());::: 		//}
TicTacToe_c.java,ChangeDelta,			//nextMove(1::: gameRecord.getSteps());,	    //nextMove(1::: gameRecord.getSteps());
AI.java,ChangeDelta,        int min = 0;,        int min = -1;
AI.java,ChangeDelta,            if (singCounter == 2 || emptyColumnIndex != -1),            if (singCounter == 2 && emptyColumnIndex != -1)
