Elevator_b.java,ChangeDelta,			direction = 0;,			direction = 1;
Elevator_b.java,ChangeDelta,			direction = 1;,			direction = -1;
Elevator_b.java,ChangeDelta,			//direction = 0;,			direction = -1;
Passenger.java,ChangeDelta,		return CurrentFloor;,		return GoalFloor;
Elevator_b.java,ChangeDelta,			direction = 0;,			direction = -1;
Elevator_b.java,ChangeDelta,			direction = 1;,			swapDirection();
Elevator_b.java,ChangeDelta,			swapDirection();,			direction=0;
Elevator_b.java,ChangeDelta,			direction=0;,			getDirection();
Elevator_b.java,ChangeDelta,			getDirection();,			direction *= -1;
Elevator_b.java,ChangeDelta,			direction *= -1;,			direction =0;
Elevator_b.java,ChangeDelta,			direction =0;,			CurrentFloor =0;
