GameHelper.java,ChangeDelta,				if (nth > 0 && (location % gridLength == 0)) { ,				if (nth > 0 && (location % gridLength == 1)) { 
GameHelper.java,ChangeDelta,				success = false;,				success = true;
GameHelper.java,ChangeDelta,				coords[nth++] = location; ,				coords[nth] = location; 
GameHelper.java,:\m,,test\projects\102\2633\BoatBomb_c\src\GameHelper.ja
GameHelper.java,ChangeDelta,		int nth = 0;,		int nth = 1;
GameHelper.java,ChangeDelta,			if (grid[location] == 0) {,			if (grid[location] == 1) {
GameHelper.java,ChangeDelta,				if (location >= gridSize) { ,				if (location >= gridLength) { 
GameHelper.java,ChangeDelta,				if (nth > 0 && (location % gridLength == 0)) { ,				if (nth > 0 || (location % gridLength == 0)) { 
GameHelper.java,ChangeDelta,				,				success = true;
GameHelper.java,ChangeDelta,		int x = 0; ,		int x = 1; 
GameHelper.java,ChangeDelta,	private int comCount = 0;,	private int comCount = 1;
GameHelper.java,ChangeDelta,				if (nth > 0 && (location % gridLength == 0)) { ,				if (nth > 1 && (location % gridLength == 0)) { 
GameHelper.java,ChangeDelta,				if (nth > 0 && (location % gridLength == 0)) { ,				if ((location % gridLength == 0)) { 
GameHelper.java,ChangeDelta,				location += incr; ,				location += nth; 
GameHelper.java,ChangeDelta,		int nth = 0;,		int nth = 1;
GameHelper.java,ChangeDelta,			if (grid[location] == 0) {,			if (grid[location] == 1) {
GameHelper.java,ChangeDelta,				if (nth > 0 && (location % gridLength == 0)) { ,				if (nth > 0 && (location % gridLength == 1)) { 
GameHelper.java,ChangeDelta,				if (nth > 0 && (location % gridLength == 0)) { ,				if (nth > 1 && (location % gridLength == 0)) { 
GameHelper.java,ChangeDelta,			grid[coords[x]] = 0; ,			grid[coords[x]] = 1; 
