SubSequence_a.java,ChangeDelta,				if (longSeq.charAt(i - 1) == shortSeq.charAt(j - 1)) {,				if (longSeq.charAt(i) == shortSeq.charAt(j)) {
SubSequence_a.java,ChangeDelta,				if (longSeq.charAt(i) == shortSeq.charAt(j)) {,				if (longSeq.charAt(i-1) == shortSeq.charAt(j-1)) {
SubSequence_a.java,ChangeDelta,				if (longSeq.charAt(i-1) == shortSeq.charAt(j-1)) {,				if (longSeq.charAt(j-1) == shortSeq.charAt(i-1)) {
SubSequence_a.java,ChangeDelta,							+ helperTable[i][j - 1];,							+ helperTable[i][j ];
SubSequence_a.java,ChangeDelta,							+ helperTable[i][j ];,							+ helperTable[i-1][j -1];
