TicTacToe_b.java,InsertDelta,        	]]	[ChangeDelta::: position: 78::: lines: [        return isEndOfGame();,        return true;
Human.java,InsertDelta,,        	]]	[DeleteDelta::: position: 24::: lines: [            
Human.java,InsertDelta,,            if(TicTacToe_b.haveFreeCellAt(rowIndex::: columnIndex))
Human.java,ChangeDelta,            if(TicTacToe_b.haveFreeCellAt(rowIndex::: columnIndex)):::             TicTacToe_b.setNewSign(playerSing::: rowIndex::: columnIndex);,            	TicTacToe_b.setNewSign(playerSing::: rowIndex::: columnIndex);
TicTacToe_b.java,ChangeDelta,        for (int idx = 0 ; idx < gameRecord.getSteps().size() ; idx++ ){,        for (int idx = 0 ; idx < 4; idx++ ){
TicTacToe_b.java,ChangeDelta,        for (int idx = 0 ; idx < 4; idx++ ){,        for (int idx = 0 ; idx < gameRecord.getSteps().size()+1 ; idx++ ){
TicTacToe_b.java,ChangeDelta,        if (moveIndex % 2 != 0),        if (moveIndex % 2 == 0)
