GameHelper.java,ChangeDelta,		int[] coords = new int[comSize]; ,		int[] coords = new int[comSize]; //coords boatλ��]]	[ChangeDelta::: position: 71::: lines: [		int nth = 0;::: 		while (success && nth < comSize) {] to [		int nth = -1;::: 		while (success && (nth < comSize)) {
GameHelper.java,ChangeDelta,		int nth = -1;,		int nth = 0;
GameHelper.java,ChangeDelta,				coords[nth++] = location; ,				coords[nth] = location; ::: 				nth++;
GameHelper.java,:\m,,test\projects\102\2554\BoatBomb_b\src\GameHelper.ja
GameHelper.java,ChangeDelta,				if (location > gridSize) { ,				if (location >= gridSize) { ]]	[ChangeDelta::: position: 79::: lines: [				if (nth > 0 && (location % gridLength == 0)) { ] to [				if (nth <comSize && (location % gridLength == 0)) { 
GameHelper.java,ChangeDelta,				if (nth <comSize && (location % gridLength == 0)) { ,				if ((nth >0) && (location % gridLength == 0)) { 
GameHelper.java,ChangeDelta,				location += incr; ,				location += incr;]]	[ChangeDelta::: position: 79::: lines: [				if ((nth >0) && (location % gridLength == 0)) { ] to [				if ((nth >0) && ((location-incr) % gridLength == 0)) { 
GameHelper.java,ChangeDelta,				if ((nth >0) && ((location-incr) % gridLength == 0)) { ,				if ((nth >0) && (location % gridLength == 0)) { 
GameHelper.java,ChangeDelta,			grid[coords[x]] = 1; ,			grid[coords[x]] = 1;::: 			if(coords[x]<gridSize){]]	[InsertDelta::: position: 94::: lines: [			}::: 			::: 			
GameHelper.java,InsertDelta,			]]	[ChangeDelta::: position: 93::: lines: [			row = (int) (coords[x] / gridLength); ,			row = (int) (coords[x]/gridLength)+1; 
GameHelper.java,ChangeDelta,			row = (int) (coords[x]/gridLength)+1; ,			row = (int) (coords[x]+1/gridLength); 
GameHelper.java,ChangeDelta,			row = (int) (coords[x]+1/gridLength); ,			row = (int) ((coords[x]+1)/gridLength); 
GameHelper.java,ChangeDelta,			row = (int) ((coords[x]+1)/gridLength); ,			row = (int) ((coords[x]-1)/gridLength); 
GameHelper.java,ChangeDelta,			row = (int) ((coords[x]-1)/gridLength); ,			row = (int) ((coords[x])/gridLength); 
GameHelper.java,ChangeDelta,		while (success && (nth < comSize)) {,		while (success && (nth <=comSize)) {
GameHelper.java,ChangeDelta,				if ((nth >0) && (location % gridLength == 0)) { ,				if ((nth >0) && ((location % gridLength) == 0)) { 
GameHelper.java,ChangeDelta,				if ((nth >0) && ((location % gridLength) == 0)) { ,				if ((nth >0) && (((location-incr )% gridLength) == 0)) { 
GameHelper.java,ChangeDelta,				if ((nth >0) && (((location-incr )% gridLength) == 0)) { ,				if ((nth >0) && ((location-incr % gridLength) == 0)) { 
GameHelper.java,ChangeDelta,				if ((nth >0) && ((location % gridLength) == 0)) { ,				if (((location % gridLength) == 0)) { 
GameHelper.java,ChangeDelta,				coords[nth++] = location; ,				coords[nth] = location; ::: 				]]	[ChangeDelta::: position: 84::: lines: [			}] to [			}nth++;
GameHelper.java,ChangeDelta,				,				nth++;]]	[ChangeDelta::: position: 83::: lines: [			} else { ] to [			} else ::: 			{ ]]	[ChangeDelta::: position: 85::: lines: [			}nth++;] to [			}::: 			
GameHelper.java,ChangeDelta,			column = coords[x] % gridLength;,			column = (coords[x]+1) % gridLength;
GameHelper.java,ChangeDelta,			column = (coords[x]+1) % gridLength;,			column = (coords[x]-1) % gridLength;
GameHelper.java,:\m,,test\projects\102\2554\BoatBomb_b\src\GameHelper.ja
GameHelper.java,ChangeDelta,,		]]	[InsertDelta::: position: 100::: lines: [			else{::: 				column = (int) ((coords[x])/gridLength); ::: 				row = coords[x] % gridLength;::: 			}
GameHelper.java,ChangeDelta,			if(coords[x]<gridSize){,			]]	[ChangeDelta::: position: 99::: lines: [			}::: 			else{] to [			]]	[DeleteDelta::: position: 103::: lines: [			}]]	[InsertDelta::: position: 106::: lines: [			
GameHelper.java,ChangeDelta,		,		while(true){]]	[InsertDelta::: position: 110::: lines: [		}
GameHelper.java,ChangeDelta,		while(true){,		while(comSize>0){
