QuickSort_b.java,ChangeDelta,			while (list[++leftPointer] < pivot) {,			while ((leftPointer<=high)&&list[++leftPointer] < pivot) {]]	[ChangeDelta::: position: 19::: lines: [			while (list[--rightPointer] > pivot) {] to [			while (rightPointer>=low&&list[--rightPointer] > pivot) {
QuickSort_b.java,ChangeDelta,			while ((leftPointer<=high)&&list[++leftPointer] < pivot) {,			while ((leftPointer<high)&&list[++leftPointer] < pivot) {]]	[ChangeDelta::: position: 19::: lines: [			while (rightPointer>=low&&list[--rightPointer] > pivot) {] to [			while (rightPointer>low&&list[--rightPointer] > pivot) {
QuickSort_b.java,ChangeDelta,			while (rightPointer>low&&list[--rightPointer] > pivot) {,			while (rightPointer>low+1&&list[--rightPointer] > pivot) {]]	[ChangeDelta::: position: 23::: lines: [			if (leftPointer > rightPointer)] to [			if (leftPointer >= rightPointer)
QuickSort_b.java,ChangeDelta,		exchange(list::: low::: rightPointer);,		if(list[rightPointer]<pivot)::: 			exchange(list::: low::: rightPointer);
QuickSort_b.java,ChangeDelta,		if (leftSide < rightSide) {,		if (leftSide <= rightSide) {
