QuickSort_a.java,InsertDelta,			if (leftPointer >= rightPointer)::: 				break;]]	[ChangeDelta::: position: 23::: lines: [			if (leftPointer >= rightPointer)::: 				break;,/*			if (leftPointer >= rightPointer)::: 				break;*/
QuickSort_a.java,ChangeDelta,			if (leftPointer >= rightPointer)::: 				break;,			]]	[ChangeDelta::: position: 25::: lines: [/*			if (leftPointer >= rightPointer)::: 				break;*/] to [			if (leftPointer >= rightPointer)::: 				break;
QuickSort_a.java,ChangeDelta,		while (true) {,		while (leftPointer<=rightPointer) {
QuickSort_a.java,ChangeDelta,			while (list[++leftPointer] < pivot) {,			while (list[++leftPointer] <= pivot) {
QuickSort_a.java,ChangeDelta,		exchange(list::: low::: rightPointer);,		exchange(list::: leftPointer::: rightPointer);
QuickSort_a.java,ChangeDelta,			while (list[--rightPointer] > pivot) {,			while (list[--rightPointer] >= pivot) {
QuickSort_a.java,InsertDelta,,			exchange(list::: leftPointer::: rightPointer);::: 			]]	[DeleteDelta::: position: 26::: lines: [			exchange(list::: leftPointer::: rightPointer);
QuickSort_a.java,DeleteDelta,,			exchange(list::: leftPointer::: rightPointer);::: 			]]	[InsertDelta::: position: 28::: lines: [			exchange(list::: leftPointer::: rightPointer);
QuickSort_a.java,ChangeDelta,			exchange(list::: leftPointer::: rightPointer);::: 			if (leftPointer >= rightPointer),			if (leftPointer >= rightPointer){::: 				exchange(list::: leftPointer::: rightPointer);]]	[InsertDelta::: position: 28::: lines: [			}::: 				
QuickSort_a.java,ChangeDelta,		while (true) {,		while (leftPointer!=rightPointer) {
QuickSort_a.java,InsertDelta,,			if(rightPointer==low){::: 				exchange(list:::leftPointer:::rightPointer);::: 			}::: 			
QuickSort_a.java,InsertDelta,,import java.util.Collections;::: ]]	[InsertDelta::: position: 7::: lines: [		]]	[DeleteDelta::: position: 24::: lines: [			if(rightPointer==low){::: 				exchange(list:::leftPointer:::rightPointer);::: 			}
QuickSort_a.java,InsertDelta,,		for(int i=0;i<list.length;i++){::: 			System.out.print(list[i]+" ");::: 		}
QuickSort_a.java,InsertDelta,,		System.out.println();
QuickSort_a.java,InsertDelta,,import java.util.ArrayList;]]	[InsertDelta::: position: 10::: lines: [		ArrayList<Integer> temp=new ArrayList<Integer>();::: 		for(int i=0;i<unSortList.length;i++){::: 			temp.add((Integer)unSortList[i]);::: 		}::: 		::: 		Collections.sort(temp);::: 		int result[]=new int[unSortList.length];::: 		for(int i=0;i<temp.size();i++){::: 			result[i]=temp.get(i);::: 		}::: 		::: 		unSortList=result;::: 		
QuickSort_a.java,DeleteDelta,,		if (leftSide < rightSide) {::: 			int pivotPosition = partition(unSortList::: leftSide::: rightSide);::: 			quickSort(unSortList::: leftSide::: pivotPosition - 1);::: 			quickSort(unSortList::: pivotPosition + 1::: rightSide);::: 		}::: 		]]	[InsertDelta::: position: 24::: lines: [		if (leftSide < rightSide) {::: 			int pivotPosition = partition(unSortList::: leftSide::: rightSide);::: 			quickSort(unSortList::: leftSide::: pivotPosition - 1);::: 			quickSort(unSortList::: pivotPosition + 1::: rightSide);::: 		}::: 		
QuickSort_a.java,InsertDelta,		System.out.println("result");]]	[InsertDelta::: position: 14::: lines: [			System.out.print(temp.get(i));]]	[ChangeDelta::: position: 15::: lines: [		,		System.out.println();]]	[ChangeDelta::: position: 47::: lines: [		for(int i=0;i<list.length;i++){::: 			System.out.print(list[i]+" ");::: 		}::: 		System.out.println();] to [		
QuickSort_a.java,ChangeDelta,		if (leftSide < rightSide) {,/*		if (leftSide < rightSide) {]]	[ChangeDelta::: position: 24::: lines: [		}] to [		}*/
QuickSort_a.java,ChangeDelta,			while (list[--rightPointer] > pivot) {,			while (list[rightPointer--] > pivot) {
QuickSort_a.java,ChangeDelta,			while (list[++leftPointer] < pivot) {,			while (list[leftPointer] < pivot) {]]	[InsertDelta::: position: 24::: lines: [				leftPointer++;]]	[ChangeDelta::: position: 25::: lines: [			while (list[rightPointer--] > pivot) {] to [			while (list[rightPointer] > pivot) {]]	[InsertDelta::: position: 28::: lines: [				rightPointer--;
QuickSort_a.java,ChangeDelta,		return rightPointer;,		return leftPointer;
QuickSort_a.java,ChangeDelta,		return rightPointer;,		return leftPointer;
