Boat.java,DeleteDelta,,		sb.append(name + ":");]]	[InsertDelta::: position: 23::: lines: [			sb.append(name + ":");
Boat.java,ChangeDelta,		for (String loc : locationCells) {::: 			sb.append(name + ":");,		sb.append(name + ":");::: 		for (String loc : locationCells) {	
GameHelper.java,ChangeDelta,		while (success && nth < comSize) {,		while (success && (nth < comSize)) {
BoatBomb_a.java,ChangeDelta,	// public static void main(String[] args) {::: 	// BoatBomb game = new BoatBomb();::: 	// int[] start = { 4::: 3::: 8 };::: 	// game.setUpGame(4::: 3::: start);::: 	// game.startPlaying();::: 	// },	 public static void main(String[] args) {::: 	 BoatBomb_a game = new BoatBomb_a();::: 	 int[] start = { 4::: 3::: 8 };::: 	 game.setUpGame(4::: 3::: start);::: 	 game.startPlaying();::: 	 }
BoatBomb_a.java,ChangeDelta,	 public static void main(String[] args) {::: 	 BoatBomb_a game = new BoatBomb_a();::: 	 int[] start = { 4::: 3::: 8 };::: 	 game.setUpGame(4::: 3::: start);::: 	 game.startPlaying();::: 	 },	 //public static void main(String[] args) {::: 	 //BoatBomb_a game = new BoatBomb_a();::: 	 //int[] start = { 4::: 3::: 8 };::: 	 //game.setUpGame(4::: 3::: start);::: 	 //game.startPlaying();::: 	 //}
BoatBomb_a.java,ChangeDelta,		helper.setupAllLocations(gridLength::: num::: boatsList::: startLoc);,		helper.setupAllLocations(gridLength::: num::: boatsList::: startLoc);System.out.print(boats.get(0).printAllLocationCells());
BoatBomb_a.java,InsertDelta,,	 System.out.print(boats.get(1).printAllLocationCells());
BoatBomb_a.java,InsertDelta,,	 System.out.print(boats.get(2).printAllLocationCells());
