QuickSort_a.java,ChangeDelta,			while (list[++leftPointer] < pivot) {,			while (list[leftPointer++] < pivot) {]]	[ChangeDelta::: position: 19::: lines: [			while (list[--rightPointer] > pivot) {] to [			while (list[rightPointer--] > pivot) {
QuickSort_a.java,ChangeDelta,			quickSort(unSortList::: leftSide::: pivotPosition - 1);,			quickSort(unSortList::: leftSide::: pivotPosition);
QuickSort_a.java,ChangeDelta,			quickSort(unSortList::: leftSide::: pivotPosition);::: 			quickSort(unSortList::: pivotPosition + 1::: rightSide);,			quickSort(unSortList::: leftSide::: pivotPosition-1);::: 			quickSort(unSortList::: pivotPosition::: rightSide);
QuickSort_a.java,ChangeDelta,			quickSort(unSortList::: leftSide::: pivotPosition-1);::: 			quickSort(unSortList::: pivotPosition::: rightSide);,			quickSort(unSortList::: leftSide::: pivotPosition );::: 			quickSort(unSortList::: pivotPosition+1::: rightSide);
QuickSort_a.java,ChangeDelta,		exchange(list::: low::: rightPointer);,		exchange(list::: leftPointer::: rightPointer);
QuickSort_a.java,ChangeDelta,		int leftPointer = low;,		int leftPointer = low-1;
QuickSort_a.java,ChangeDelta,		int leftPointer = low;,		int leftPointer = low-1;]]	[ChangeDelta::: position: 28::: lines: [		return rightPointer;] to [		return rightPointer+1;
QuickSort_a.java,ChangeDelta,		exchange(list::: low::: rightPointer);,		exchange(list::: low::: rightPointer+1);
QuickSort_a.java,ChangeDelta,		return rightPointer;,		return rightPointer+1;
QuickSort_a.java,ChangeDelta,			quickSort(unSortList::: leftSide::: pivotPosition - 1);::: 			quickSort(unSortList::: pivotPosition + 1::: rightSide);,			quickSort(unSortList::: leftSide::: pivotPosition );::: 			quickSort(unSortList::: pivotPosition ::: rightSide);
QuickSort_a.java,ChangeDelta,			quickSort(unSortList::: leftSide::: pivotPosition );,			quickSort(unSortList::: leftSide::: pivotPosition-1 );
QuickSort_a.java,ChangeDelta,			quickSort(unSortList::: pivotPosition ::: rightSide);,			quickSort(unSortList::: pivotPosition+1 ::: rightSide);
QuickSort_a.java,ChangeDelta,			while (list[++leftPointer] < pivot) {,			while (list[leftPointer++] < pivot) {]]	[ChangeDelta::: position: 19::: lines: [			while (list[--rightPointer] > pivot) {] to [			while (list[rightPointer--] > pivot) {
QuickSort_a.java,ChangeDelta,			while (list[--rightPointer] > pivot) {,			while (list[rightPointer--] > pivot) {
QuickSort_a.java,:\m,,test\projects\101\2540\QuickSort_a\src\QuickSort_a.ja
QuickSort_a.java,ChangeDelta,			quickSort(unSortList::: leftSide::: pivotPosition );,			quickSort(unSortList::: leftSide::: pivotPosition-1 );
