SubSequence_a.java,ChangeDelta,			helperTable[i][0] = 1;,			helperTable[i][0] = 0;
SubSequence_a.java,ChangeDelta,		for (int i = 0; i < longSeq.length(); i++),		for (int i = 0; i <= longSeq.length(); i++)
SubSequence_a.java,ChangeDelta,		for (int i = 0; i < longSeq.length(); i++),		for (int i = 0; i <= longSeq.length(); i++)
SubSequence_a.java,ChangeDelta,			helperTable[i][0] = 1;,			helperTable[i][0] = 0;
SubSequence_a.java,ChangeDelta,		for (int i = 0; i <= longSeq.length(); i++)::: 			helperTable[i][0] = 1;,			]]	[InsertDelta::: position: 14::: lines: [				helperTable[i][j] = 1;
SubSequence_a.java,ChangeDelta,				helperTable[i][0] = 1;,				helperTable[i][j] = 1;
SubSequence_a.java,ChangeDelta,					helperTable[i][j] += helperTable[i - 1][j],					helperTable[i][j] = helperTable[i - 1][j]]]	[ChangeDelta::: position: 18::: lines: [					helperTable[i][j] += helperTable[i - 1][j];] to [					helperTable[i][j] = helperTable[i - 1][j];
SubSequence_a.java,ChangeDelta,					helperTable[i][j] += helperTable[i - 1][j];,					helperTable[i][j] += helperTable[i][j-1];
SubSequence_a.java,InsertDelta,,		for (int j = 0; j <= shortSeq.length(); j++)::: 			helperTable[0][j] = 1;
SubSequence_a.java,DeleteDelta,,		for (int j = 0; j <= shortSeq.length(); j++)::: 			helperTable[0][j] = 1;
SubSequence_a.java,ChangeDelta,					helperTable[i][j] += helperTable[i - 1][j]::: 							+ helperTable[i][j - 1];,					helperTable[i][j] == ::: 							 helperTable[i][j - 1]+1;
SubSequence_a.java,ChangeDelta,					helperTable[i][j] == ,					helperTable[i][j] =
SubSequence_a.java,ChangeDelta,		return helperTable[longSeq.length()][shortSeq.length()];,		return helperTable[longSeq.length()-1][shortSeq.length()-1];
SubSequence_a.java,ChangeDelta,		int[][] helperTable = new int[longSeq.length() + 1][shortSeq.length() + 1];,		int[][] helperTable = new int[longSeq.length()][shortSeq.length()];
SubSequence_a.java,ChangeDelta,		for (int i = 1; i <= longSeq.length(); i++) {::: 			for (int j = 1; j <= shortSeq.length(); j++) {::: 				if (longSeq.charAt(i - 1) == shortSeq.charAt(j - 1)) {,		for (int i = 0; i <= longSeq.length(); i++) {::: 			for (int j = 0; j <= shortSeq.length(); j++) {::: 				if (longSeq.charAt(i ) == shortSeq.charAt(j)) {
SubSequence_a.java,ChangeDelta,				if (longSeq.charAt(i ) == shortSeq.charAt(j)) {,				if (longSeq.charAt(i) == shortSeq.charAt(j)) {
