AI.java,ChangeDelta,                else if (Field.gameField[i][j] == Field.DEFAULT_VALUE),                else if (Field.gameField[i][j] != Field.DEFAULT_VALUE):::                 	
TicTacToe_c.java,ChangeDelta,            return true;,            return false;
TicTacToe_c.java,ChangeDelta,        	if (i == 0){,        	if (i == 1){
TicTacToe_c.java,DeleteDelta,        }]]	[ChangeDelta::: position: 74::: lines: [        },        }}
TicTacToe_c.java,DeleteDelta,,        // If computer goes first::: let it have the last try to beat you.:::         if (i == 1){:::         	nextMove(1 ::: gameRecord.getSteps());:::         }
TicTacToe_c.java,InsertDelta,,        // If computer goes first::: let it have the last try to beat you.:::         if (i == 1){:::         	nextMove(1 ::: gameRecord.getSteps());:::         }
TicTacToe_c.java,ChangeDelta,        Field.gameField[row][column] = sing;,        ]]	[InsertDelta::: position: 95::: lines: [        :::         Field.gameField[row][column] = sing;
TicTacToe_c.java,InsertDelta,,        		if (isEndOfGame()){:::         			break;:::         		}]]	[InsertDelta::: position: 67::: lines: [        		if (isEndOfGame()){:::         			break;:::         		}
TicTacToe_c.java,ChangeDelta,        		if (isEndOfGame()){:::         			break;:::         		},        		]]	[DeleteDelta::: position: 70::: lines: [        		if (isEndOfGame()){:::         			break;:::         		}
TicTacToe_c.java,InsertDelta,,        	if (isEndOfGame()){:::     			break;:::     		}
TicTacToe_c.java,DeleteDelta,,        	if (isEndOfGame()){:::     			break;:::     		}
TicTacToe_c.java,InsertDelta,,            if (isEndOfGame()){:::     			break;:::     		}
TicTacToe_c.java,ChangeDelta,        for (int idx = 0 ; idx < =gameRecord.getSteps().size() ; idx++ ){,        for (int idx = 0 ; idx <= gameRecord.getSteps().size() ; idx++ ){
TicTacToe_c.java,ChangeDelta,        for (int idx = 0 ; idx <= gameRecord.getSteps().size() ; idx++ ){,        for (int idx = 0 ; idx < gameRecord.getSteps().size() ; idx++ ){
TicTacToe_c.java,DeleteDelta,,            if (isEndOfGame()){:::     			break;:::     		}
TicTacToe_c.java,DeleteDelta,,        // If computer goes first::: let it have the last try to beat you.:::         if (i == 1){:::         	nextMove(1 ::: gameRecord.getSteps());:::         }
TicTacToe_c.java,DeleteDelta,,:::         field.drawGameField();:::         
