SubSequence_b.java,ChangeDelta,							+ helperTable[i - 1][j - 1];,							+ helperTable[i - 1][j];
SubSequence_b.java,ChangeDelta,							+ helperTable[i - 1][j - 1];,							+ helperTable[i][j - 1];
SubSequence_b.java,ChangeDelta,					helperTable[i][j] += helperTable[i][j];,					helperTable[i][j] += helperTable[i - 1][j];
SubSequence_b.java,:\m,,test\projects\102\2648\SubSequence_b\src\SubSequence_b.ja
SubSequence_b.java,ChangeDelta,					helperTable[i][j] += helperTable[i][j];,					helperTable[i][j] += helperTable[i - 1][j];
