QuickSort_b.java,ChangeDelta,			quickSort(unSortList::: leftSide::: pivotPosition - 1);,			quickSort(unSortList::: leftSide::: pivotPosition);
QuickSort_b.java,ChangeDelta,		if (leftSide < rightSide) {,		while (leftSide < rightSide) {
QuickSort_b.java,ChangeDelta,			while (list[++leftPointer] < pivot) {,			while (list[leftPointer++] < pivot) {
QuickSort_b.java,ChangeDelta,		int leftPointer = low;,		int leftPointer = low - 1;
QuickSort_b.java,ChangeDelta,		int pivot = list[low];,		int pivot = list[(low + high) /2];
QuickSort_b.java,ChangeDelta,			if (leftPointer > rightPointer),			if (leftPointer >= rightPointer)
