FindTriple_b.java,InsertDelta,,		System.out.println(inputList);
FindTriple_b.java,DeleteDelta,,		System.out.println(inputList);
FindTriple_b.java,ChangeDelta,		for (int i = 0; i < inputList.length - 2; i++) {,		for (int i = 0; i < inputList.length; i++) {
FindTriple_b.java,ChangeDelta,		for (int i = 0; i < inputList.length - 2; i++) {,		for (int i = 0; i < inputList.length; i++) {
FindTriple_b.java,ChangeDelta,						while (s < e && inputList[e] == inputList[e + 1])::: 							e--;::: ::: 						while (s < e || inputList[s] == inputList[s - 1])::: 							s++;,//						while (s < e && inputList[e] == inputList[e + 1])::: //							e--;::: //::: //						while (s < e || inputList[s] == inputList[s - 1])::: //							s++;
FindTriple_b.java,ChangeDelta,					} else if (inputList[s] + inputList[e] < negative) {,					} else if (inputList[s] + inputList[e] >negative) {
FindTriple_b.java,ChangeDelta,		for (int i = 0; i < inputList.length; i++) {,		for (int i = 0; i < inputList.length-2; i++) {
