ElevatorController.java,ChangeDelta,				if(Elevator_a.getDirection() != 0)		//Assign a moving Elevator_a in case of tie,				if(Elevator_a.getDirection() == 0)		//Assign a moving Elevator_a in case of tie]]	[InsertDelta::: position: 151::: lines: [
ElevatorController.java,ChangeDelta,				if(assigned.getDirection() == 0){,				if(assigned.getDirection() != 0){]]	[InsertDelta::: position: 151::: lines: [
ElevatorController.java,ChangeDelta,				if(Elevator_a.getDirection() != 0)		//Assign a moving Elevator_a in case of tie,				if(Elevator_a.getDirection() == 0)		//Assign a moving Elevator_a in case of tie]]	[InsertDelta::: position: 151::: lines: [
Elevator_a.java,ChangeDelta,		if(CurrentDestination.size() != 0){,		if(CurrentDestination.size() == 0){
Elevator_a.java,:\m,,test\projects\102\2634\Elevator_a\src\Elevator_a.ja
ElevatorController.java,ChangeDelta,				if(Elevator_a.getDirection() != 0)		//Assign a moving Elevator_a in case of tie,				if(Elevator_a.getDirection() == 0)		//Assign a moving Elevator_a in case of tie]]	[InsertDelta::: position: 151::: lines: [
Elevator_a.java,ChangeDelta,		if(CurrentDestination.size() != 0){,		if(CurrentDestination.size() == 0){
