SubSequence_a.java,ChangeDelta,				if (longSeq.charAt(i - 1) == shortSeq.charAt(j - 1)) {,				if (longSeq.charAt(i - 1) >= shortSeq.charAt(j - 1)) {
SubSequence_a.java,ChangeDelta,				if (longSeq.charAt(i - 1) == shortSeq.charAt(j - 1)) {,				if (longSeq.charAt(i - 1) != shortSeq.charAt(j - 1)) {
SubSequence_a.java,ChangeDelta,			for (int j = 1; j <= shortSeq.length(); j++) {,			for (int j = i; j <= shortSeq.length(); j++) {
SubSequence_a.java,ChangeDelta,					helperTable[i][j] += helperTable[i - 1][j],					helperTable[i][j-1] += helperTable[i - 1][j]
SubSequence_a.java,ChangeDelta,				if (longSeq.charAt(i - 1) == shortSeq.charAt(j - 1)) {,				if (longSeq.charAt(i - 1) != shortSeq.charAt(j - 1)) {
SubSequence_a.java,ChangeDelta,					helperTable[i][j] += helperTable[i - 1][j],					helperTable[i][j] += helperTable[i - 1][j-1]
SubSequence_a.java,ChangeDelta,							+ helperTable[i][j - 1];,							+ helperTable[i-1][j - 1];
