TicTacToe_b.java,InsertDelta,,    :::     public static void main(String[] args){:::     	ArrayList<Integer> list = new ArrayList<Integer>();:::     	:::     	list.add(5);:::     	list.add(6);:::     	list.add(7);:::     	list.add(2);:::     	list.add(9);:::     	:::     	GameRecord record = new GameRecord(0 ::: list);:::     	:::     	TicTacToe_b game = new TicTacToe_b(record);:::     	boolean end = game.run();:::     }
TicTacToe_b.java,ChangeDelta,            else if (i == Field.FIELD_SIZE - 1),            else if (i != Field.FIELD_SIZE - 1)
TicTacToe_b.java,DeleteDelta,,    	list.add(6);:::     	list.add(7);:::     	list.add(2);]]	[InsertDelta::: position: 250::: lines: [    	list.add(6);
TicTacToe_b.java,:\m,,test\projects\102\2619\TicTacToe_b\src\TicTacToe_b.ja
TicTacToe_b.java,ChangeDelta,            checkWhoWon();,            System.out.println(checkWhoWon());
TicTacToe_b.java,ChangeDelta,            System.out.println(checkWhoWon());,            System.out.println("whossssssssssssssssss:"+checkWhoWon());
TicTacToe_b.java,InsertDelta,,            	System.out.println("winsssssssssss:"+currentSign);]]	[InsertDelta::: position: 166::: lines: [            	System.out.println("winsssssssssss:"+currentSign);
TicTacToe_b.java,ChangeDelta,        if (i == 1){,        if (i != 1){]]	[ChangeDelta::: position: 74::: lines: [        }] to [        } :::         
TicTacToe_b.java,DeleteDelta,,    public static void main(String[] args){:::     	ArrayList<Integer> list = new ArrayList<Integer>();:::     	:::     	list.add(5);:::     	list.add(9);:::     	list.add(6);:::     	:::     	GameRecord record = new GameRecord(0 ::: list);:::     	:::     	TicTacToe_b game = new TicTacToe_b(record);:::     	boolean end = game.run();:::     }
TicTacToe_b.java,InsertDelta,,        	return isEndOfGame();
TicTacToe_b.java,DeleteDelta,,        	return isEndOfGame();
TicTacToe_b.java,InsertDelta,,    public static void main(String[] args){:::     	ArrayList<Integer> list = new ArrayList<Integer>();:::     	:::     	list.add(5);:::     	list.add(9);:::     	list.add(6);:::     	:::     	GameRecord record = new GameRecord(0 ::: list);:::     	:::     	TicTacToe_b game = new TicTacToe_b(record);:::     	boolean end = game.run();:::     }
TicTacToe_b.java,DeleteDelta,,    public static void main(String[] args){:::     	ArrayList<Integer> list = new ArrayList<Integer>();:::     	:::     	list.add(5);:::     	list.add(9);:::     	list.add(6);:::     	:::     	GameRecord record = new GameRecord(0 ::: list);:::     	:::     	TicTacToe_b game = new TicTacToe_b(record);:::     	boolean end = game.run();:::     }
