QuickSort_b.java,ChangeDelta,			quickSort(unSortList::: leftSide::: pivotPosition - 1);,			quickSort(unSortList::: leftSide::: pivotPosition );
QuickSort_b.java,ChangeDelta,			quickSort(unSortList::: pivotPosition + 1::: rightSide);,			quickSort(unSortList::: pivotPosition::: rightSide);]]	[ChangeDelta::: position: 13::: lines: [		int rightPointer = high ;] to [		int rightPointer = high + 1;
QuickSort_b.java,ChangeDelta,			quickSort(unSortList::: pivotPosition + 1::: rightSide);,			quickSort(unSortList::: pivotPosition ::: rightSide);
QuickSort_b.java,ChangeDelta,			quickSort(unSortList::: pivotPosition + 1::: rightSide);System.out.println("122dfd3");,			quickSort(unSortList::: pivotPosition + 1::: rightSide-1);System.out.println("122dfd3");
QuickSort_b.java,ChangeDelta,			quickSort(unSortList::: leftSide::: pivotPosition - 1);System.out.println("1223");,			quickSort(unSortList::: leftSide::: pivotPosition );System.out.println("1223");
QuickSort_b.java,ChangeDelta,			quickSort(unSortList::: pivotPosition + 1::: rightSide-1);System.out.println("122dfd3");,			quickSort(unSortList::: pivotPosition ::: rightSide-1);System.out.println("122dfd3");
QuickSort_b.java,InsertDelta,,			System.out.println("ss"+leftPointer);
QuickSort_b.java,ChangeDelta,		int rightPointer = high + 1;,		int rightPointer = high ;
QuickSort_b.java,ChangeDelta,			quickSort(unSortList::: pivotPosition + 1::: rightSide-1);,			quickSort(unSortList::: pivotPosition ::: rightSide-1);
QuickSort_b.java,ChangeDelta,			quickSort(unSortList::: leftSide::: pivotPosition - 1);System.out.println("1223");,			quickSort(unSortList::: leftSide::: pivotPosition);System.out.println("1223");
QuickSort_b.java,ChangeDelta,			quickSort(unSortList::: pivotPosition ::: rightSide-1);,			quickSort(unSortList::: pivotPosition ::: rightSide);
QuickSort_b.java,ChangeDelta,		System.out.println(leftSide+" "+rightSIde);,		System.out.println(leftSide+" "+rightSide);
QuickSort_b.java,ChangeDelta,			quickSort(unSortList::: leftSide::: pivotPosition - 1);,			quickSort(unSortList::: leftSide::: pivotPosition);
QuickSort_b.java,ChangeDelta,			while (list[++leftPointer] < pivot) {,			while (list[leftPointer++] < pivot) {
QuickSort_b.java,InsertDelta,,		Thread.sleep(1);
QuickSort_b.java,ChangeDelta,		Thread.sleep(1);,		try {::: 			Thread.sleep(1);::: 		} catch (InterruptedException e) {::: 			// TODO Auto-generated catch block::: 			e.printStackTrace();::: 		}
QuickSort_b.java,InsertDelta,,		System.out.println("partition  "+low+" "+high);
QuickSort_b.java,InsertDelta,			]]	[ChangeDelta::: position: 31::: lines: [			if (leftPointer > rightPointer),			if (leftPointer >= rightPointer)
QuickSort_b.java,ChangeDelta,			if (leftPointer > rightPointer),			if (leftPointer >= rightPointer)
