Main.java,dd ,,mooctest\projects\102\2640\HeapSort_b\src\Main.ja
Main.java,DeleteDelta,]]	[ChangeDelta::: position: 4::: lines: [		// TODO Auto-generated method stub::: ,		int A[] = { 1::: 2::: 3::: 4 };::: 		HeapSort_b.sort(A::: A.length);::: 		int[] result = { 1::: 2::: 3::: 4 };::: 		System.out.println(A);
Main.java,dd ,,mooctest\projects\102\2640\TicTacToe_c\src\Main.ja
Main.java,InsertDelta,import static org.junit.Assert.assertEquals;::: import static org.junit.Assert.assertTrue;]]	[InsertDelta::: position: 1::: lines: [import java.util.ArrayList;::: ]]	[ChangeDelta::: position: 4::: lines: [		// TODO Auto-generated method stub,		ArrayList<Integer> list = new ArrayList<Integer>();]]	[InsertDelta::: position: 6::: lines: [		list.add(1);::: 		list.add(2);::: 		list.add(8);::: ::: 		GameRecord record = new GameRecord(PLAYER_FIRST::: list);::: ::: 		TicTacToe_c game = new TicTacToe_c(record);::: 		boolean end = game.run();::: 		assertTrue(end);::: ::: 		assertEquals(COMPUTER_WON::: game.checkWhoWon());
Main.java,ChangeDelta,		GameRecord record = new GameRecord(PLAYER_FIRST::: list);,		GameRecord record = new GameRecord(0::: list);]]	[DeleteDelta::: position: 20::: lines: [		assertEquals(COMPUTER_WON::: game.checkWhoWon());
Computer.java,ChangeDelta,public class Computer extends Player::: {:::     AI intellect;,public class Computer extends Player {::: 	AI intellect;]]	[ChangeDelta::: position: 9::: lines: [    public Computer():::     {:::         setPlayerSing(TicTacToe_c.ZERO_CHAR);:::         intellect = new AI();:::     }] to [	public Computer() {::: 		setPlayerSing(TicTacToe_c.ZERO_CHAR);::: 		intellect = new AI();::: 	}]]	[ChangeDelta::: position: 15::: lines: [    public void makeMove(int pos):::     {:::         int columnIndex;:::         int rowIndex;] to [	public void makeMove(int pos) {::: 		int columnIndex;::: 		int rowIndex;]]	[ChangeDelta::: position: 20::: lines: [        char humanSing = new Human().getPlayerSing();:::         char computerSing = getPlayerSing();] to [		char humanSing = new Human().getPlayerSing();::: 		char computerSing = getPlayerSing();]]	[ChangeDelta::: position: 23::: lines: [        if (intellect.canGenerateBestMove(computerSing)):::         {:::             rowIndex = intellect.getBestRowIndex();:::             columnIndex = intellect.getBestColumnIndex();:::         }] to [		if (intellect.canGenerateBestMove(computerSing)) {::: 			rowIndex = intellect.getBestRowIndex();::: 			columnIndex = intellect.getBestColumnIndex();::: 		}]]	[ChangeDelta::: position: 29::: lines: [        else if (intellect.canGenerateBestMove(humanSing)):::         {:::             rowIndex = intellect.getBestRowIndex();:::             columnIndex = intellect.getBestColumnIndex();:::         }] to [		else if (intellect.canGenerateBestMove(humanSing)) {::: 			rowIndex = intellect.getBestRowIndex();::: 			columnIndex = intellect.getBestColumnIndex();::: 		}]]	[ChangeDelta::: position: 35::: lines: [        else if (TicTacToe_c.haveFreeCellAt(1::: 1)):::         {:::             rowIndex = 1;:::             columnIndex = 1;:::         }] to [		else if (TicTacToe_c.haveFreeCellAt(1::: 1)) {::: 			rowIndex = 1;::: 			columnIndex = 1;::: 		}]]	[ChangeDelta::: position: 41::: lines: [        else:::         {:::             intellect.generateMinAvaiMove();:::             rowIndex = intellect.getBestRowIndex();:::             columnIndex = intellect.getBestColumnIndex();:::         }] to [		else {::: 			intellect.generateMinAvaiMove();::: 			rowIndex = intellect.getBestRowIndex();::: 			columnIndex = intellect.getBestColumnIndex();::: 		}]]	[ChangeDelta::: position: 48::: lines: [        TicTacToe_c.setNewSign(computerSing::: rowIndex::: columnIndex);] to [		TicTacToe_c.setNewSign(computerSing::: rowIndex::: columnIndex);]]	[ChangeDelta::: position: 50::: lines: [        System.out.println("Computer played:");:::     }] to [		System.out.println("Computer played:" + rowIndex + ":::" + columnIndex);::: 	}
AI.java,ChangeDelta,            if (singCounter == 2 || emptyColumnIndex != -1),            if (singCounter == 2 && emptyColumnIndex != -1)
