BoatBomb_a.java,InsertDelta,import static org.junit.Assert.assertEquals;::: ]]	[ChangeDelta::: position: 68::: lines: [	// public static void main(String[] args) {::: 	// BoatBomb game = new BoatBomb();::: 	// int[] start = { 4::: 3::: 8 };::: 	// game.setUpGame(4::: 3::: start);::: 	// game.startPlaying();::: 	// },	 public static void main(String[] args) {::: 		 BoatBomb_a game = new BoatBomb_a();::: 			int[] c={9:::13:::35};::: 			game.setUpGame(7:::3:::c);::: 			ArrayList<Boat> boats = game.getBoatsList();::: 			System.out.println(boats.get(0).printAllLocationCells());::: 			//assertEquals("Boat1:c1 d1 e1 "::: boats.get(0).printAllLocationCells());::: 	 }
GameHelper.java,InsertDelta,,		System.out.println(comCount);
GameHelper.java,:\m,,test\projects\102\2637\BoatBomb_a\src\GameHelper.ja
GameHelper.java,ChangeDelta,		int incr = 0; ,		int incr = 1; 
BoatBomb_a.java,DeleteDelta,,	 public static void main(String[] args) {::: 		 BoatBomb_a game = new BoatBomb_a();::: 			int[] c={9:::13:::35};::: 			game.setUpGame(7:::3:::c);::: 			ArrayList<Boat> boats = game.getBoatsList();::: 			System.out.println(boats.get(0).printAllLocationCells());::: 			//assertEquals("Boat1:c1 d1 e1 "::: boats.get(0).printAllLocationCells());::: 	 }
