QuickSort_a.java,ChangeDelta,				if (leftPointer == high),				if (leftPointer == rightPointer)]]	[ChangeDelta::: position: 20::: lines: [				if (rightPointer == low)] to [				if (rightPointer == leftPointer)
QuickSort_a.java,ChangeDelta,		exchange(list::: low::: rightPointer);,		exchange(list::: leftPointer::: rightPointer);
QuickSort_a.java,ChangeDelta,			exchange(list::: leftPointer::: rightPointer);,			exchange(list::: leftPointer::: rightPointer);System.out.println(leftPointer+""+rightPointer);
QuickSort_a.java,InsertDelta,,	public static void main(String args[]){::: 		int A[] = { 2::: 1::: 4::: 3 };::: 		QuickSort_a.quickSort(A::: 0::: A.length - 1);::: 		for(int i=0;i<3;i++){::: 			System.out.println(A[i]);::: 		}::: 		int[] result = { 1::: 2::: 3::: 4 };::: 	}
QuickSort_a.java,ChangeDelta,		for(int i=0;i<3;i++){,		for(int i=0;i<4;i++){
QuickSort_a.java,ChangeDelta,		int rightPointer = high;,		int rightPointer = high+1;
