QuickSort_a.java,ChangeDelta,			while (list[--rightPointer] > pivot) {,			while (list[rightPointer--] > pivot) {
QuickSort_a.java,InsertDelta,,			System.out.println(list);
QuickSort_a.java,DeleteDelta,,			System.out.println(list);
QuickSort_a.java,InsertDelta,,			for(int i = 0;i<list.length;i++){::: 				System.out.print(list[i]);::: 			}::: 			System.out.println();
QuickSort_a.java,:\m,,test\projects\101\2506\QuickSort_a\src\QuickSort_a.ja
QuickSort_a.java,InsertDelta,,		rightSide++;
QuickSort_a.java,DeleteDelta,,		rightSide++;
QuickSort_a.java,ChangeDelta,			while (list[--rightPointer] > pivot) {,			while (list[rightPointer] > pivot) {]]	[InsertDelta::: position: 22::: lines: [				rightPointer--;
