SubSequence_a.java,ChangeDelta,			helperTable[i][0] = 1;,			helperTable[i][0] = 0;
SubSequence_a.java,ChangeDelta,		for (int i = 1; i < longSeq.length(); i++),		for (int i = 0; i < longSeq.length(); i++)
SubSequence_a.java,ChangeDelta,					helperTable[i][j] += helperTable[i - 1][j];,					helperTable[i][j] += helperTable[i - 1][j-1];
SubSequence_a.java,ChangeDelta,					helperTable[i][j] += helperTable[i - 1][j-1];,					helperTable[i][j] += helperTable[i][j-1];
SubSequence_a.java,ChangeDelta,					helperTable[i][j] += helperTable[i][j-1];,					helperTable[i][j] += helperTable[i -1][j];
SubSequence_a.java,ChangeDelta,		for (int i = 0; i < longSeq.length(); i++),		for (int i = 0; i <= longSeq.length(); i++)
SubSequence_a.java,ChangeDelta,		for (int i = 0; i <= longSeq.length(); i++),		for (int i = 0; i <= longSeq.length()+1; i++)
SubSequence_a.java,ChangeDelta,		return helperTable[longSeq.length()+1][shortSeq.length()+1];,		return helperTable[longSeq.length()][shortSeq.length()];
SubSequence_a.java,ChangeDelta,		for (int i = 0; i <= longSeq.length(); i++),		for (int i = 1; i <= longSeq.length(); i++)
SubSequence_a.java,ChangeDelta,		return helperTable[longSeq.length()][shortSeq.length()];,		return helperTable[longSeq.length()-1][shortSeq.length()];
SubSequence_a.java,ChangeDelta,		return helperTable[longSeq.length()-1][shortSeq.length()];,		return helperTable[longSeq.length()-shortSeq.length()+1][shortSeq.length()];
SubSequence_a.java,ChangeDelta,		for (int i = 1; i < longSeq.length(); i++),		for (int i = 1; i <= longSeq.length(); i++)
SubSequence_a.java,ChangeDelta,		for (int i = 1; i <= longSeq.length(); i++) {::: 			for (int j = 1; j <= shortSeq.length(); j++) {,		for (int j = 1; j <= longSeq.length(); j++) {::: 			for (int i = 1; i <= shortSeq.length(); i++) {
SubSequence_a.java,ChangeDelta,		return helperTable[longSeq.length()-shortSeq.length()+1][shortSeq.length()];,		return helperTable[longSeq.length()-shortSeq.length()][shortSeq.length()];
