BoatBomb_c.java,InsertDelta,,	public static void main(String args[]){::: 		BoatBomb_c game = new BoatBomb_c();::: 		int[] c={5:::9:::7};::: 		game.setUpGame(5:::3:::c);::: 		ArrayList<Boat> boats = game.getBoatsList();::: 		boats.get(2).printAllLocationCells();::: 	}
GameHelper.java,InsertDelta,,	public static void main(String args[]){::: //		BoatBomb_c game = new BoatBomb_c();::: 		int[] c={5:::9:::7};::: //		game.setUpGame(5:::3:::c);::: //		ArrayList<Boat> boats = game.getBoatsList();::: //		boats.get(2).printAllLocationCells();::: 		GameHelper helper = new GameHelper();::: 		ArrayList<Boat> boatsList = new ArrayList<Boat>();::: 		helper.setupAllLocations(5::: 3::: boatsList::: c);::: 	}
BoatBomb_c.java,ChangeDelta,	public static void main(String args[]){::: 		BoatBomb_c game = new BoatBomb_c();::: 		int[] c={5:::9:::7};::: 		game.setUpGame(5:::3:::c);::: 		ArrayList<Boat> boats = game.getBoatsList();::: 		boats.get(2).printAllLocationCells();::: 	},
GameHelper.java,ChangeDelta,		boolean success = true;,		boolean success = false;
GameHelper.java,ChangeDelta,				if (nth > 0 && (location % gridLength == 0)) { ,				if (nth > 0 && (location % gridLength == 1)) { 
GameHelper.java,ChangeDelta,		while (x < comSize) {,		while (x <= comSize) {
GameHelper.java,ChangeDelta,		int incr = 1; ,		int incr = 0; 
GameHelper.java,ChangeDelta,		if ((comCount % 2) != 1) { ,		if ((comCount / 2) == 1) { 
GameHelper.java,ChangeDelta,		if ((comCount / 2) == 1) { ,		if ((comCount % 2) == 1) { 
GameHelper.java,ChangeDelta,				if (nth > 0 && (location % gridLength == 0)) { ,				if (nth > 0 || (location % gridLength == 0)) { 
GameHelper.java,ChangeDelta,				coords[nth++] = location; ,				coords[++nth] = location; 
GameHelper.java,ChangeDelta,				if (location >= gridSize) { ,				if (location > gridSize) { 
GameHelper.java,ChangeDelta,		int nth = 0;,		int nth = 1;
GameHelper.java,ChangeDelta,					success = false; ,					success = true; ]]	[ChangeDelta::: position: 80::: lines: [					success = false; ] to [					success = true; ]]	[ChangeDelta::: position: 83::: lines: [				success = true;] to [				success = false;
GameHelper.java,ChangeDelta,				if (nth > =0 && (location % gridLength == 0)) { ,				if (nth >=0 && (location % gridLength == 0)) { 
GameHelper.java,ChangeDelta,		while (x < =comSize) {,		while (x <=comSize) {
