QuickSort_b.java,InsertDelta,,	::: 	public static void main(String args[]){::: 		int A[] = { 2::: 1::: 4::: 3 };::: 		QuickSort_b.quickSort(A::: 0::: A.length - 1);::: 	}
QuickSort_b.java,ChangeDelta,			quickSort(unSortList::: leftSide::: pivotPosition - 1);::: 			quickSort(unSortList::: pivotPosition + 1::: rightSide);,			quickSort(unSortList::: leftSide::: pivotPosition);::: 			quickSort(unSortList::: pivotPosition ::: rightSide);
QuickSort_b.java,ChangeDelta,			quickSort(unSortList::: leftSide::: pivotPosition);::: 			quickSort(unSortList::: pivotPosition + 1::: rightSide);,			quickSort(unSortList::: leftSide::: pivotPosition - 1);::: 			quickSort(unSortList::: pivotPosition ::: rightSide);
QuickSort_b.java,ChangeDelta,		QuickSort_b.quickSort(A::: 0::: A.length - 1);,		System.out.println(QuickSort_b.quickSort(A::: 0::: A.length - 1));
QuickSort_b.java,ChangeDelta,		System.out.println(QuickSort_b.quickSort(A::: 0::: A.length - 1));,		::: 		for(int i=1;i<5;i++){::: 		System.out.println(QuickSort_b.quickSort(A::: 0::: A.length - 1)[i]);}
QuickSort_b.java,ChangeDelta,		for(int i=1;i<5;i++){,		for(int i=1;i<4;i++){
QuickSort_b.java,ChangeDelta,		for(int i=1;i<5;i++){,		for(int i=0;i<4;i++){
QuickSort_b.java,DeleteDelta,,		System.out.println(a[0]);
QuickSort_b.java,ChangeDelta,		int A[] = { 3::: 1::: 2::: 4 };,		int A[] = { 2::: 1::: 4::: 3 };]]	[ChangeDelta::: position: 40::: lines: [		for(int i=0;i<4;i++){::: 		System.out.println(a[i]);}] to [//		for(int i=0;i<4;i++){::: //		System.out.println(a[i]);}
QuickSort_b.java,ChangeDelta,			while (list[++leftPointer] < pivot) {,			while (list[leftPointer++] < pivot) {
QuickSort_b.java,ChangeDelta,			while (list[leftPointer++] < pivot) {,			while (list[leftPointer] < pivot) {
QuickSort_b.java,ChangeDelta,			while (list[--rightPointer] > pivot) {,			while (list[rightPointer--] > pivot) {
QuickSort_b.java,ChangeDelta,			quickSort(unSortList::: pivotPosition + 1::: rightSide);,			quickSort(unSortList::: pivotPosition - 1::: rightSide);
QuickSort_b.java,ChangeDelta,			quickSort(unSortList::: pivotPosition - 1::: rightSide);,			quickSort(unSortList::: pivotPosition ::: rightSide);
QuickSort_b.java,ChangeDelta,		int rightPointer = high ;,		int rightPointer = high -1;
QuickSort_b.java,ChangeDelta,		int rightPointer = high -1;,		int rightPointer = high + 1;
QuickSort_b.java,ChangeDelta,			if (leftPointer > rightPointer),			if (leftPointer >= rightPointer)
