FindTriple_a.java,ChangeDelta,					} else if (inputList[s] + inputList[e] < negative) {,					} else if (inputList[s] + inputList[e] <= negative) {
FindTriple_a.java,ChangeDelta,					} else if (inputList[s] + inputList[e] <= negative) {,					} else if (inputList[s] + inputList[e] > negative) {
FindTriple_a.java,ChangeDelta,					} else if (inputList[s] + inputList[e] < negative) {,					} else if (inputList[s] - inputList[e] < negative) {]]	[ChangeDelta::: position: 42::: lines: [						e++;] to [						e--;
FindTriple_a.java,ChangeDelta,					} else if (inputList[s] + inputList[e] < negative) {,					} else if (inputList[s] - inputList[e] < negative) {
FindTriple_a.java,ChangeDelta,				while (s < e) {,				while (s > e) {
FindTriple_a.java,ChangeDelta,					} else if (inputList[s] + inputList[e] <= negative) {,					} else if (inputList[s] + inputList[e] >= negative) {
FindTriple_a.java,ChangeDelta,				int s = i ;,				int s = i + 1;]]	[ChangeDelta::: position: 23::: lines: [					if (inputList[s] + inputList[e] == negative) {] to [					if (inputList[s] + inputList[e] <= negative) {
FindTriple_a.java,ChangeDelta,					if (inputList[s] + inputList[e] < negative) {,					if (inputList[s] + inputList[e] > negative) {
FindTriple_a.java,ChangeDelta,					if (inputList[s] + inputList[e] > negative) {,					if (inputList[s] + inputList[e] == negative) {
FindTriple_a.java,ChangeDelta,				int negative = -inputList[i];,				int negative = inputList[i];
FindTriple_a.java,ChangeDelta,					if (inputList[s] + inputList[e] == 0) {,					if (inputList[s] + inputList[e] == negative) {]]	[InsertDelta::: position: 40::: lines: [						System.out.println("!!!");
FindTriple_a.java,InsertDelta,,						System.out.println("!!");]]	[DeleteDelta::: position: 40::: lines: [						System.out.println("!!!");
FindTriple_a.java,DeleteDelta,						System.out.println("!!");]]	[ChangeDelta::: position: 31::: lines: [,						System.out.println(result);
FindTriple_a.java,ChangeDelta,			if (i == 0 || inputList[i] > inputList[i - 1]) {,			if ( inputList[i] > inputList[i - 1]) {]]	[ChangeDelta::: position: 30::: lines: [						System.out.println(result);] to [
FindTriple_a.java,ChangeDelta,		for (int i = 0; i < inputList.length - 1; i++) {,		for (int i = 0; i < inputList.length - 2; i++) {]]	[ChangeDelta::: position: 34::: lines: [						while (s < e || inputList[e] == inputList[e + 1])] to [						while (s < e && inputList[e] == inputList[e + 1])
