FindTriple_c.java,ChangeDelta,						while (s < e && inputList[s] == inputList[s - 1]),						while (s < e || inputList[s] == inputList[s - 1])
FindTriple_c.java,ChangeDelta,						while (s < e && inputList[e] == inputList[e + 1]),						while (s < e || inputList[e] == inputList[e + 1])
FindTriple_c.java,ChangeDelta,						while (s < e && inputList[s] == inputList[s - 1]),						while (s < e || inputList[s] == inputList[s - 1])
FindTriple_c.java,ChangeDelta,		},		}System.out.println(result);
FindTriple_c.java,ChangeDelta,		Arrays.sort(inputList);,		Arrays.sort(inputList);System.out.println(inputList);
FindTriple_c.java,ChangeDelta,						while (s < e && inputList[e] == inputList[e + 1]),						while (s < e && inputList[e] == inputList[e - 1])
FindTriple_c.java,ChangeDelta,						while (s < e && inputList[e] == inputList[e-1]),						while (s < e || inputList[e] == inputList[e-1])
FindTriple_c.java,ChangeDelta,						s++;::: 						e--;,//						s++;::: //						e--;
FindTriple_c.java,ChangeDelta,						while (s < e && inputList[e] == inputList[e + 1]),						while (s < e || inputList[e] == inputList[e + 1])
FindTriple_c.java,ChangeDelta,						s++;,						s--;
FindTriple_c.java,ChangeDelta,						e--;,						e++;
