Boat.java,ChangeDelta,		if (index >= 0) {,		if (index == 0) {
GameHelper.java,ChangeDelta,		while (success && nth < comSize) {,		while (success && (nth < comSize)) {
GameHelper.java,ChangeDelta,				if (nth > 0 && (location % gridLength == 0)) { ,				if (nth > 0 || (location % gridLength == 0)) { 
GameHelper.java,ChangeDelta,				success = true;,				success = false;
Boat.java,ChangeDelta,		if (index >= 0) {,		if (index > 0) {
GameHelper.java,ChangeDelta,			column = coords[x] % gridLength;,			column = coords[x] / gridLength;
GameHelper.java,ChangeDelta,			row = (int) (coords[x] % gridLength); ,			row = (int) (coords[x] / gridLength); 
GameHelper.java,ChangeDelta,				if (location >= gridSize) { ,				if (location > gridSize) { 
GameHelper.java,ChangeDelta,		while (success && nth < comSize) {,		while (success || nth < comSize) {
GameHelper.java,ChangeDelta,			incr = gridLength - 1;,			incr = gridLength + 1;
GameHelper.java,ChangeDelta,			incr = gridLength - 1;,			incr = gridLength ;
