QuickSort_b.java,ChangeDelta,			quickSort(unSortList::: leftSide::: pivotPosition - 1);,			quickSort(unSortList::: leftSide::: pivotPosition );
QuickSort_b.java,ChangeDelta,			quickSort(unSortList::: leftSide::: pivotPosition );,			quickSort(unSortList::: leftSide::: pivotPosition -1);
QuickSort_b.java,ChangeDelta,			quickSort(unSortList::: pivotPosition + 1::: rightSide);,			quickSort(unSortList::: pivotPosition ::: rightSide);
QuickSort_b.java,ChangeDelta,			quickSort(unSortList::: pivotPosition ::: rightSide);,			quickSort(unSortList::: pivotPosition +1::: rightSide);]]	[ChangeDelta::: position: 13::: lines: [		int rightPointer = high + 1;] to [		int rightPointer = high ;
QuickSort_b.java,ChangeDelta,		int rightPointer = high ;,		int rightPointer = high +1;]]	[ChangeDelta::: position: 23::: lines: [			if (leftPointer > rightPointer)] to [			if (leftPointer >= rightPointer)
QuickSort_b.java,ChangeDelta,		int rightPointer = high ;,		int rightPointer = high +1;
QuickSort_b.java,ChangeDelta,			if (leftPointer > rightPointer),			if (leftPointer >= rightPointer)
