QuickSort_a.java,ChangeDelta,		while (true) {,		while (low<high) {
QuickSort_a.java,ChangeDelta,			while (list[rightPointer--] > pivot) {,			while (list[--rightPointer] > pivot) {
QuickSort_a.java,InsertDelta,,		exchange(list::: leftPointer::: rightPointer);]]	[InsertDelta::: position: 27::: lines: [		/**::: 		 * int pivot=l.r[low];::: 		int temp=pivot;::: 		while(low<high){//不能 <=::: 			while(low<high&&l.r[high]>pivot)::: 				high--;::: 			l.r[low]=l.r[high];::: 			while(low<high&&l.r[low]<pivot)::: 				low++;::: 			l.r[high]=l.r[low];::: 		}::: 		l.r[low]=temp;::: 		return low;::: 	}::: 	::: 	private static int partition1(Sqlist l::: int low::: int high) {::: 		int pivot=l.r[low];::: 		while(low<high){::: 			while(low<high&&l.r[high]>pivot)::: 				high--;::: 			swap(l:::low:::high);::: 			while(low<high&&l.r[low]<pivot)::: 				low++;::: 			swap(l:::low:::high);::: 		}::: 		return low;::: 	}::: ::: 		 */::: //		while(leftPointer < rightPointer){::: //			while(list[leftPointer]<pivot)::: //				leftPointer++;::: //			while (list[rightPointer] > pivot) {::: //				rightPointer--;::: //			}::: //			::: //		}
QuickSort_a.java,ChangeDelta,		exchange(list::: low::: rightPointer);,//		exchange(list::: low::: rightPointer);
QuickSort_a.java,ChangeDelta,		return rightPointer;,		return leftPointer;
QuickSort_a.java,ChangeDelta,	private static int partition(int[] list::: int low::: int high) {,	private static int partition1(int[] list::: int low::: int high) {]]	[InsertDelta::: position: 62::: lines: [	private static int partition(int[] r::: int low::: int high) {::: 		int pivot=r[low];::: 		while(low<high){::: 			while(low<high&&r[high]>pivot)::: 				high--;::: 			exchange(r:::low:::high);::: 			while(low<high&&r[low]<pivot)::: 				low++;::: 			exchange(r:::low:::high);::: 		}::: 		return low;::: 	}
QuickSort_a.java,ChangeDelta,		return rightPointer;,		return leftPointer;
QuickSort_a.java,DeleteDelta,,//			exchange(list::: leftPointer::: rightPointer);
QuickSort_a.java,ChangeDelta,			while (list[leftPointer++] < pivot) {,			while (list[++leftPointer] < pivot) {
QuickSort_a.java,ChangeDelta,			while (list[rightPointer--] > pivot) {,			while (--list[rightPointer] > pivot) {
QuickSort_a.java,DeleteDelta,	]]	[ChangeDelta::: position: 20::: lines: [			while (--list[rightPointer] > pivot) {,			while (list[--rightPointer] > pivot) {]]	[InsertDelta::: position: 26::: lines: [			exchange(list::: leftPointer::: rightPointer);
QuickSort_a.java,ChangeDelta,		exchange(list::: low::: rightPointer);,		exchange(list::: low::: leftPointer);
QuickSort_a.java,:\m,,test\projects\102\2661\QuickSort_a\src\QuickSort_a.ja
QuickSort_a.java,ChangeDelta,					break;,					leftPointer--;
QuickSort_a.java,ChangeDelta,		},		} for(int i=leftSide;i<=rightSide;i++) System.out.println(i);
QuickSort_a.java,ChangeDelta,				if (leftPointer == high),				if (leftPointer > high)
QuickSort_a.java,ChangeDelta,			while (list[++leftPointer] <= pivot) {::: 				if (leftPointer < high),			while (list[++leftPointer] < pivot) {::: 				if (leftPointer-- < high)
