GameHelper.java,ChangeDelta,		while (success && nth < comSize) {,		while (success && (nth < comSize)) {
GameHelper.java,ChangeDelta,		while (success && nth < comSize) {,		while (success && (nth < comSize)) {
BoatBomb_a.java,ChangeDelta,			String name = "Boat" + (i + 1);,			String name = "Boat" + (i);
GameHelper.java,ChangeDelta,		while (success && nth < comSize) {,		while (success &&( nth < comSize)) {
GameHelper.java,ChangeDelta,					success = false; ,					success = true; 
GameHelper.java,ChangeDelta,		while (success && nth < comSize) {,		while (success && (nth < comSize)) {
GameHelper.java,ChangeDelta,			if (inputLine.length() == 0),			if (inputLine.length() == 1)
GameHelper.java,ChangeDelta,			if (grid[location] == 0) {,			if (grid[location] == 1) {
GameHelper.java,ChangeDelta,				if (nth > 0 && (location % gridLength == 1)) { ,				if (nth > 0 && (location % gridLength == 0)) { 
GameHelper.java,ChangeDelta,			if (grid[location] == 0) {,			if (grid[location] == 1) {
GameHelper.java,ChangeDelta,		int nth = 0;,		int nth = 1;
GameHelper.java,ChangeDelta,			if (grid[location] == 0) {,			if (grid[location] == 1) {
GameHelper.java,ChangeDelta,		int incr = 0; ,		int incr = 1; 
