FindTriple_a.java,ChangeDelta,		for (int i = 0; i < inputList.length - 2; i++) {,		for (int i = 0; i < inputList.length; i++) {
FindTriple_a.java,ChangeDelta,		for (int i = 0; i < inputList.length - 2; i++) {,		for (int i = 0; i < inputList.length - 1; i++) {
FindTriple_a.java,ChangeDelta,				int s = i + 1;,				int s = i;
FindTriple_a.java,ChangeDelta,						while (s < e && inputList[s] == inputList[s - 1]),						while (s < e || inputList[s] == inputList[s - 1])
FindTriple_a.java,ChangeDelta,						while (s < e || inputList[e] == inputList[e + 1]),						while (s < e && inputList[e] == inputList[e + 1])
FindTriple_a.java,ChangeDelta,						while (s < e || inputList[e] == inputList[e + 1]),						while (s < e && inputList[e] == inputList[e + 1])
FindTriple_a.java,ChangeDelta,						while (s < e || inputList[e] == inputList[e + 1]),						while (s < e && inputList[e] == inputList[e + 1])
