HeapSort_b.java,ChangeDelta,			if (child + 1 < length && H[child] < H[child + 1]) {,			if (child + 1 < =length && H[child] < H[child + 1]) {
HeapSort_b.java,ChangeDelta,			if (child + 1 < =length && H[child] < H[child + 1]) {,			if (child + 1 <= length && H[child] < H[child + 1]) {
HeapSort_b.java,ChangeDelta,			if (child + 1 < length && H[child] < H[child + 1]) {,			if (child + 1 < length && H[child] <= H[child + 1]) {
HeapSort_b.java,ChangeDelta,				++child;,				child++;
HeapSort_b.java,ChangeDelta,			if (child  < length && H[child] < H[child + 1]) {,			if (child+1  < length && H[child] < H[child + 1]) {
HeapSort_b.java,ChangeDelta,			if (child+1  < length && H[child] < H[child + 1]) {,			if ((child+1  < length )&& (H[child] < H[child + 1])) {
HeapSort_b.java,ChangeDelta,			if ((child+1  < length )&& (H[child] < H[child + 1])) {,			if ((child+1  < length )|| (H[child] < H[child + 1])) {
HeapSort_b.java,ChangeDelta,			if ((child+1  < length )|| (H[child] < H[child + 1])) {,			if ((child+1  < length )& (H[child] < H[child + 1])) {
HeapSort_b.java,ChangeDelta,			H[s] = tmp;,			H[child] = tmp;
HeapSort_b.java,ChangeDelta,				H[s] = H[child];,				H[child] = H[child];
HeapSort_b.java,ChangeDelta,				H[child] = H[child];,				H[child] = H[s];
HeapSort_b.java,ChangeDelta,			if ((child+1  < length )&& (H[child] < H[child + 1])) {,			if ((child+1  < length )&& (H[child] <= H[child + 1])) {
HeapSort_b.java,ChangeDelta,			if ((child+1  < length )&& (H[child] <= H[child + 1])) {,			if ((child+1  < length )&& (H[child] > H[child + 1])) {
HeapSort_b.java,ChangeDelta,			if ((child+1  < length )&& (H[child] < H[child + 1])) {,			if ((child+1  <= length )&& (H[child] <= H[child + 1])) {
HeapSort_b.java,ChangeDelta,				child = 2 * s + 1;,				child = 2 * s ;
