TicTacToe_c.java,ChangeDelta,        if (moveIndex % 2 == 0),        if (!moveIndex % 2 == 0)
TicTacToe_c.java,ChangeDelta,        if (!moveIndex % 2 == 0),        if (moveIndex % 2 != 0)
TicTacToe_c.java,ChangeDelta,            computer.makeMove(-1);,            computer.makeMove(0);
TicTacToe_c.java,ChangeDelta,            computer.makeMove(0);,            computer.makeMove(1);
TicTacToe_c.java,ChangeDelta,        if (moveIndex % 2 == 0),        if (moveIndex % 2 != 0)
Computer.java,ChangeDelta,            rowIndex = 1;:::             columnIndex = 1;,            rowIndex = 2;:::             columnIndex = 2;
TicTacToe_c.java,ChangeDelta,        return Field.gameField[row][column] == Field.DEFAULT_VALUE;,        return Field.gameField[row][column] != Field.DEFAULT_VALUE;
TicTacToe_c.java,ChangeDelta,            if (Field.gameField[currentXPos][i] != currentSign),            if (Field.gameField[currentXPos][i] == currentSign)
TicTacToe_c.java,ChangeDelta,            else if (i != Field.FIELD_SIZE - 1),            else if (i == Field.FIELD_SIZE - 1)
TicTacToe_c.java,ChangeDelta,            if (Field.gameField[i][currentYPos] != currentSign),            if (Field.gameField[i][currentYPos] == currentSign)
TicTacToe_c.java,ChangeDelta,            else if (i != Field.FIELD_SIZE - 1),            else if (i == Field.FIELD_SIZE)
TicTacToe_c.java,ChangeDelta,            else if (i == Field.FIELD_SIZE),            else if (i == Field.FIELD_SIZE - 1)
TicTacToe_c.java,ChangeDelta,        if (currentXPos == currentYPos),        if (currentXPos != currentYPos)
TicTacToe_c.java,ChangeDelta,                else if (i != Field.FIELD_SIZE - 1),                else if (i == Field.FIELD_SIZE - 1)
TicTacToe_c.java,ChangeDelta,            if (Field.gameField[i][Field.FIELD_SIZE - 1 - i] != currentSign),            if (Field.gameField[i][Field.FIELD_SIZE - 1 - i] == currentSign)
TicTacToe_c.java,ChangeDelta,            else if (i != Field.FIELD_SIZE - 1),            else if (i == Field.FIELD_SIZE - 1)]]	[ChangeDelta::: position: 202::: lines: [        if (movesCounter == MAX_NUMBER_OF_MOVES)] to [        if (movesCounter != MAX_NUMBER_OF_MOVES)
TicTacToe_c.java,ChangeDelta,        if (movesCounter != MAX_NUMBER_OF_MOVES),        if (movesCounter == MAX_NUMBER_OF_MOVES)
TicTacToe_c.java,ChangeDelta,            else if (i != Field.FIELD_SIZE - 1),            else if (i == Field.FIELD_SIZE - 1)
TicTacToe_c.java,ChangeDelta,            else if (i == Field.FIELD_SIZE - 1),            else if (i == Field.FIELD_SIZE )
TicTacToe_c.java,ChangeDelta,            else if (i == Field.FIELD_SIZE -1 ),            else if (i != Field.FIELD_SIZE -1 )
TicTacToe_c.java,ChangeDelta,            computer.makeMove(-1);,            computer.makeMove(-2);
TicTacToe_c.java,ChangeDelta,                if (Field.gameField[i][i] != currentSign),                if (Field.gameField[Field.FIELD_SIZE - 1 - i][i] != currentSign)
AI.java,ChangeDelta,            if (singCounter == 2 || emptyColumnIndex != -1),            if (singCounter == 2 && emptyColumnIndex != -1)
