FindTriple_c.java,ChangeDelta,		for (int i = 0; i < inputList.length - 2; i++) {,		for (int i = 0; i < inputList.length - 1; i++) {
FindTriple_c.java,ChangeDelta,					} else if (inputList[s - 1] + inputList[e] < negative) {,					} else if (inputList[s - 1] + inputList[e+1] < negative) {
FindTriple_c.java,:\m,,test\projects\102\2617\FindTriple_c\src\FindTriple_c.ja
FindTriple_c.java,ChangeDelta,						while (s < e && inputList[s] == inputList[s - 1]),						while (s > e && inputList[s] == inputList[s - 1])
FindTriple_c.java,ChangeDelta,					} else if (inputList[s - 1] + inputList[e] < negative) {,					} else if (inputList[s] + inputList[e] < negative) {
FindTriple_c.java,ChangeDelta,					} else if (inputList[s - 1] + inputList[e] < negative) {,					} else if (inputList[s] + inputList[e] < negative) {
FindTriple_c.java,ChangeDelta,					} else if (inputList[s - 1] + inputList[e] < negative) {,					} else if (inputList[s] + inputList[e] < negative) {
FindTriple_c.java,ChangeDelta,					} else if (inputList[s - 1] + inputList[e] < negative) {,					} else if (inputList[s] + inputList[e] < negative) {
