TicTacToe_c.java,ChangeDelta,            computer.makeMove(-1);,            computer.makeMove(1);
TicTacToe_c.java,ChangeDelta,        		if (isEndOfGame()){,        		if (isEndOfGame()){System.out.println("here-------------------------");]]	[ChangeDelta::: position: 62::: lines: [        		if (isEndOfGame()){] to [        		if (isEndOfGame()){System.out.println("here-------------------------");
TicTacToe_c.java,ChangeDelta,    {,    {System.out.println("here-------------------------");
TicTacToe_c.java,ChangeDelta,            checkWhoWon();,            checkWhoWon();System.out.println("here-------------------------");
TicTacToe_c.java,ChangeDelta,        for (int i = 0; i < Field.FIELD_SIZE; i++),        for (int i = 0; i < Field.FIELD_SIZE; i++)System.out.println("here-------------------------");
TicTacToe_c.java,ChangeDelta,        },        }System.out.println("here-------------------------");]]	[ChangeDelta::: position: 156::: lines: [        //check rowSystem.out.println("here-------------------------");] to [        //check row
TicTacToe_c.java,ChangeDelta,            if (Field.gameField[currentXPos][i] != currentSign),            if (Field.gameField[currentXPos][i] == currentSign)
TicTacToe_c.java,:\m,,test\projects\102\2617\TicTacToe_c\src\TicTacToe_c.ja
TicTacToe_c.java,ChangeDelta,            if (Field.gameField[i][Field.FIELD_SIZE - 1 - i] != currentSign),            if (Field.gameField[i][Field.FIELD_SIZE - 1 - i] == currentSign)
TicTacToe_c.java,ChangeDelta,            if (Field.gameField[currentXPos][i] != currentSign),            if (Field.gameField[currentXPos][i] == currentSign)]]	[ChangeDelta::: position: 159::: lines: [            if (Field.gameField[i][currentYPos] != currentSign)] to [            if (Field.gameField[i][currentYPos] == currentSign)
TicTacToe_c.java,:\m,,test\projects\102\2617\TicTacToe_c\src\TicTacToe_c.ja
TicTacToe_c.java,ChangeDelta,            else if (i == Field.FIELD_SIZE - 1),            else if (i != Field.FIELD_SIZE - 1)
TicTacToe_c.java,:\m,,test\projects\102\2617\TicTacToe_c\src\TicTacToe_c.ja
TicTacToe_c.java,ChangeDelta,            else if (i == Field.FIELD_SIZE - 1),            else if (i != Field.FIELD_SIZE - 1)
TicTacToe_c.java,ChangeDelta,            else if (i == Field.FIELD_SIZE - 1),            else if (i == Field.FIELD_SIZE )
TicTacToe_c.java,ChangeDelta,            else if (i == Field.FIELD_SIZE ),            else if (i == Field.FIELD_SIZE-1 )
TicTacToe_c.java,ChangeDelta,            if (Field.gameField[currentXPos][i] != currentSign),            if (Field.gameField[currentXPos][i] == currentSign)
TicTacToe_c.java,ChangeDelta,            if (Field.gameField[i][currentYPos] != currentSign),            if (Field.gameField[i][currentYPos] == currentSign)
TicTacToe_c.java,ChangeDelta,            if (Field.gameField[currentXPos][i] == currentSign),            if (Field.gameField[currentXPos][i] 1= currentSign)
TicTacToe_c.java,:\m,,test\projects\102\2617\TicTacToe_c\src\TicTacToe_c.ja
TicTacToe_c.java,ChangeDelta,                break;,                continue;
TicTacToe_c.java,ChangeDelta,            	break;,            	continue;
TicTacToe_c.java,InsertDelta,,            isEndOfGame();
TicTacToe_c.java,InsertDelta,,            isEndOfGame();
TicTacToe_c.java,DeleteDelta,,            isEndOfGame();]]	[DeleteDelta::: position: 136::: lines: [            isEndOfGame();
TicTacToe_c.java,DeleteDelta,,                ]]	[DeleteDelta::: position: 68::: lines: [        		
TicTacToe_c.java,InsertDelta,,            return isEndOfGame();
TicTacToe_c.java,DeleteDelta,,            return isEndOfGame();
TicTacToe_c.java,InsertDelta,,            return isEndOfGame();
TicTacToe_c.java,DeleteDelta,,            return isEndOfGame();
TicTacToe_c.java,DeleteDelta,                nextMove(idx * 2 + 1 ::: gameRecord.getSteps());]]	[ChangeDelta::: position: 57::: lines: [        		,        		nextMove(idx * 2 + 1 ::: gameRecord.getSteps());
