Boat.java,ChangeDelta,		},		}System.out.println(sb.toString());
GameHelper.java,ChangeDelta,			temp = String.valueOf(alphabet.charAt(column)); ,			temp = String.valueOf(alphabet.charAt(column-1)); 
GameHelper.java,ChangeDelta,		comCount++;,		comCount++;System.out.println(alphaCells);
GameHelper.java,ChangeDelta,			incr = gridLength - 1;,			incr = gridLength + 1;
GameHelper.java,ChangeDelta,		if ((comCount % 2) == 1) { ,		if ((comCount % 2) == 0) { 
GameHelper.java,ChangeDelta,				location += incr; ,				location -= incr; 
GameHelper.java,ChangeDelta,				location += incr; ,				location += incr-1; 
GameHelper.java,ChangeDelta,			incr = gridLength - 1;,			incr = gridLength;
