HeapSort_c.java,ChangeDelta,		int child = 2 * s + 1;,		int child = 2 * s ;
HeapSort_c.java,ChangeDelta,		int child = 2 * s ;,		int child = 2 * s +1 ;
HeapSort_c.java,ChangeDelta,		int child = 2 * s +1 ;,		int child = 2 * s  ;
HeapSort_c.java,InsertDelta,,	public void print(int H[]){::: 		for(int i=0;i<H.length-1;i++){::: 			System.out.print(H[i]);::: 			System.out.println();::: 		}::: 	}
HeapSort_c.java,InsertDelta,		print(H);]]	[ChangeDelta::: position: 36::: lines: [	public void print(int H[]){,	public static void print(int H[]){
HeapSort_c.java,ChangeDelta,			System.out.println();::: 		},			::: 		}System.out.println();
HeapSort_c.java,ChangeDelta,		int child = 2 * s +1 ;,		int child = 2 * s  ;
HeapSort_c.java,ChangeDelta,		int child = 2 * s +1 ;,		int child = 2 * s  ;]]	[ChangeDelta::: position: 11::: lines: [				child = 2 * s ;] to [				child = 2 * s +1;
HeapSort_c.java,ChangeDelta,			for (int i = length - 1; i >= 0; --i) {,			for (int i = length - 1; i >= 0; i--) {
HeapSort_c.java,ChangeDelta,				s = child;,				s = child+1;
HeapSort_c.java,ChangeDelta,				child = 2 * s ;,				child = 2 * s -1;
HeapSort_c.java,ChangeDelta,		int child = 2 * s +1 ;,		int child = 2 * s +2 ;
HeapSort_c.java,ChangeDelta,				s = child;,				s = child+1;
