SubSequence_a.java,ChangeDelta,		int[][] helperTable = new int[longSeq.length() + 1][shortSeq.length() + 1];::: ::: 		for (int i = 0; i < longSeq.length(); i++)::: 			helperTable[i][0] = 1;::: ::: 		for (int i = 1; i <= longSeq.length(); i++) {::: 			for (int j = 1; j <= shortSeq.length(); j++) {::: 				if (longSeq.charAt(i - 1) == shortSeq.charAt(j - 1)) {::: 					helperTable[i][j] += helperTable[i - 1][j]::: 							+ helperTable[i][j - 1];::: 				} else {::: 					helperTable[i][j] += helperTable[i - 1][j];::: 				}::: 			}::: 		}::: 		return helperTable[longSeq.length()][shortSeq.length()];,//		int[][] helperTable = new int[longSeq.length() + 1][shortSeq.length() + 1];::: //::: //		for (int i = 0; i <= longSeq.length(); i++)::: //			helperTable[i][0] = 1;::: //::: //		for (int i = 1; i <= longSeq.length(); i++) {::: //			for (int j = 0; j < shortSeq.length(); j++) {::: //				if (longSeq.charAt(i - 1) == shortSeq.charAt(j - 1)) {::: //					helperTable[i][j+1] += helperTable[i - 1][j]::: //							+ helperTable[i][j - 1];::: //				} else {::: //					helperTable[i][j] += helperTable[i - 1][j];::: //				}::: //			}::: //		}::: //		return helperTable[longSeq.length()][shortSeq.length()];::: 		return 1;
SubSequence_a.java,ChangeDelta,//		int[][] helperTable = new int[longSeq.length() + 1][shortSeq.length() + 1];::: //::: //		for (int i = 0; i <= longSeq.length(); i++)::: //			helperTable[i][0] = 1;::: //::: //		for (int i = 1; i <= longSeq.length(); i++) {::: //			for (int j = 0; j < shortSeq.length(); j++) {::: //				if (longSeq.charAt(i - 1) == shortSeq.charAt(j - 1)) {::: //					helperTable[i][j+1] += helperTable[i - 1][j]::: //							+ helperTable[i][j - 1];::: //				} else {::: //					helperTable[i][j] += helperTable[i - 1][j];::: //				}::: //			}::: //		}::: //		return helperTable[longSeq.length()][shortSeq.length()];::: 		return 1;,		int[][] helperTable = new int[longSeq.length() + 1][shortSeq.length() + 1];::: ::: 		for (int i = 0; i <= longSeq.length(); i++)::: 			helperTable[i][0] = 1;::: ::: 		for (int i = 1; i <= longSeq.length(); i++) {::: 			for (int j = 0; j < shortSeq.length(); j++) {::: 				if (longSeq.charAt(i - 1) == shortSeq.charAt(j - 1)) {::: 					helperTable[i][j+1] += helperTable[i - 1][j]::: 							+ helperTable[i][j - 1];::: 				} else {::: 					helperTable[i][j] += helperTable[i - 1][j];::: 				}::: 			}::: 		}::: 		return helperTable[longSeq.length()][shortSeq.length()];
SubSequence_a.java,ChangeDelta,		for (int i = 0; i <= longSeq.length(); i++),		for (int i = 0; i < longSeq.length(); i++)]]	[ChangeDelta::: position: 13::: lines: [			for (int j = 0; j < shortSeq.length(); j++) {] to [			for (int j = 1; j <= shortSeq.length(); j++) {]]	[ChangeDelta::: position: 15::: lines: [					helperTable[i][j+1] += helperTable[i - 1][j]] to [					helperTable[i][j] += helperTable[i - 1][j]
SubSequence_a.java,ChangeDelta,					helperTable[i][j] += helperTable[i - 1][j],					helperTable[i][j-1] += helperTable[i - 1][j]
SubSequence_a.java,ChangeDelta,				if (longSeq.charAt(i - 1) == shortSeq.charAt(j - 1)) {,				if (longSeq.charAt(i - 1) != shortSeq.charAt(j - 1)) {
SubSequence_a.java,ChangeDelta,					helperTable[i][j] += helperTable[i - 1][j],					helperTable[i][j] += helperTable[i - 1][j-1]
SubSequence_a.java,ChangeDelta,							+ helperTable[i][j - 1];,							+ helperTable[i][j - 1] + helperTable[i-1][j-1];
SubSequence_a.java,InsertDelta,,		if(longSeq.length() == 0 || shortSeq.length() == 0)::: 			return 0;::: 			::: 		
SubSequence_a.java,DeleteDelta,,		if(longSeq.length() == 0 || shortSeq.length() == 0)::: 			return 0;::: 			::: 		
SubSequence_a.java,InsertDelta,,		::: 		if(longSeq.length() == shortSeq.length() && longSeq.equals(shortSeq)){::: 			return 1;::: 		}
SubSequence_a.java,ChangeDelta,		if(longSeq.length() == shortSeq.length() && longSeq.equals(shortSeq)){,		if(longSeq.length() == shortSeq.length() && longSeq.equals(shortSeq) && longSeq.length() != 0){
SubSequence_a.java,InsertDelta,,		::: 		if(shortSeq.length() == 0){::: 			return 0;::: 		}
SubSequence_a.java,ChangeDelta,					helperTable[i][j] += helperTable[i - 1][j];,					helperTable[i][j] += helperTable[i][j-1];
SubSequence_a.java,ChangeDelta,					helperTable[i][j] += helperTable[i][j-1];,					helperTable[i][j] += helperTable[i - 1][j - 1];
