BoatBomb_b.java,ChangeDelta,		helper.setupAllLocations(gridLength::: num::: boatsList::: startLoc);,		helper.setupAllLocations(gridLength::: num::: boatsList::: startLoc);System.out.println(boatList.get(0).printAllLocationCells());
GameHelper.java,ChangeDelta,,			System.out.println(dotComsList.get(0).printAllLocationCells());
GameHelper.java,ChangeDelta,			System.out.println(dotComsList.get(0).printAllLocationCells());,			System.out.println(dotComsList.get(0).printAllLocationCells()+"666");
GameHelper.java,ChangeDelta,			System.out.println(dotComsList.get(0).printAllLocationCells()+"666");,			System.out.println(dotComsList.get(1).printAllLocationCells()+"666");
GameHelper.java,ChangeDelta,			System.out.println(dotComsList.get(0).printAllLocationCells());,			System.out.println(dotComsList.get(1).printAllLocationCells());
GameHelper.java,ChangeDelta,			System.out.println(dotComsList.get(1).printAllLocationCells());,			]]	[InsertDelta::: position: 29::: lines: [		System.out.println(dotComsList.get(1).printAllLocationCells());
GameHelper.java,ChangeDelta,			System.out.println(dotComsList.get(i).printAllLocationCells());,			System.out.println(dotComsList.get(i).printAllLocationCells()+"x"+i);
GameHelper.java,InsertDelta,,			System.out.println(dotComsList.get(i).printAllLocationCells()+"x"+i);
GameHelper.java,DeleteDelta,			System.out.println(dotComsList.get(i).printAllLocationCells()+"x"+i);]]	[ChangeDelta::: position: 28::: lines: [			System.out.println(dotComsList.get(i).printAllLocationCells()+"x"+i);,			System.out.println(dotComsList.get(i).printAllLocationCells()+"x"+i+"x"+newLocation);
GameHelper.java,ChangeDelta,			,			System.out.println(dotComsList.get(i).printAllLocationCells()+"x"+i+"x"+newLocation);]]	[ChangeDelta::: position: 87::: lines: [] to [		System.out.println();]]	[ChangeDelta::: position: 92::: lines: [			grid[coords[x]] = 1; ] to [			grid[coords[x]] = 1; System.out.println(x+":"+coords[x]);
GameHelper.java,ChangeDelta,			grid[coords[x]] = 1; System.out.println(x+":"+coords[x]);,			grid[coords[x]] = 1;
GameHelper.java,ChangeDelta,					success = false; ,					success = true; 
GameHelper.java,ChangeDelta,				coords[nth++] = location; ,				coords[++nth] = location; 
GameHelper.java,ChangeDelta,				if (location >= gridSize) { ,				if (location > gridSize) { 
GameHelper.java,ChangeDelta,				if (nth > 0 && (location % gridLength == 0)) { ,				if (nth > 0 || (location % gridLength == 0)) { 
GameHelper.java,ChangeDelta,		System.out.println();,		System.out.println(coords);
GameHelper.java,ChangeDelta,		System.out.println(coords);,		System.out.println(coords[0]);
GameHelper.java,ChangeDelta,		System.out.println(coords[0]);,		System.out.println(coords[0]+"ss");
GameHelper.java,ChangeDelta,		System.out.println(coords[0]+"ss");,		System.out.println(coords[1]+"ss");
GameHelper.java,ChangeDelta,		System.out.println(coords[1]+"ss");,		//System.out.println(coords[1]+"ss");
GameHelper.java,ChangeDelta,		//System.out.println(coords[1]+"ss");,		System.out.println(coords[2]+"ss");
GameHelper.java,ChangeDelta,		System.out.println(coords[2]+"ss");,		//System.out.println(coords[2]+"ss");
GameHelper.java,ChangeDelta,		//System.out.println(coords[2]+"ss");,		System.out.println(coords[2]+"ss"+"incr");
GameHelper.java,ChangeDelta,		System.out.println(coords[2]+"ss"+"incr");,		System.out.println(coords[2]+"ss"+incr);
GameHelper.java,ChangeDelta,			incr = gridLength - 1;,			incr = gridLength;
GameHelper.java,ChangeDelta,			System.out.println(dotComsList.get(i).printAllLocationCells()+"x"+i+"x"+newLocation);,			]]	[ChangeDelta::: position: 87::: lines: [		System.out.println(coords[2]+"ss"+incr);] to [		
