QuickSort_a.java,:\m,,test\projects\101\2518\QuickSort_a\src\QuickSort_a.ja
QuickSort_a.java,ChangeDelta,			while (list[--rightPointer] > pivot) {,			while (list[rightPointer--] > pivot) {
QuickSort_a.java,ChangeDelta,		exchange(list::: low::: rightPointer);,		exchange(list::: low::: leftPointer);
QuickSort_a.java,ChangeDelta,		return rightPointer;,		return leftPointer;
QuickSort_a.java,ChangeDelta,			int pivotPosition = partition(unSortList::: leftSide::: rightSide);,			int pivotPosition = partition(unSortList::: leftSide::: rightSide);System.out.println(pivotPosition);
QuickSort_a.java,ChangeDelta,		if (leftSide < rightSide) {,		while (leftSide < rightSide) {
QuickSort_a.java,ChangeDelta,		if (leftSide < rightSide) {,		if (leftSide <= rightSide) {
QuickSort_a.java,:\m,,test\projects\101\2518\QuickSort_a\src\QuickSort_a.ja
QuickSort_a.java,ChangeDelta,			while (list[--rightPointer] > pivot) {,			while (list[rightPointer] > pivot) {::: 				rightPointer--;
