TicTacToe_a.java,ChangeDelta,        		if (isEndOfGame()){,        		if (!isEndOfGame()){
TicTacToe_a.java,ChangeDelta,        			break;,        			continue;
TicTacToe_a.java,ChangeDelta,        		if (isEndOfGame()){,        		if (!isEndOfGame()){
TicTacToe_a.java,ChangeDelta,        			break;,        			continue;
Human.java,ChangeDelta,            setIndexes(pos);,            setIndexes(pos-1);
TicTacToe_a.java,ChangeDelta,            else if (i != Field.FIELD_SIZE - 1),            else if (i == Field.FIELD_SIZE - 1)
