HeapSort_b.java,ChangeDelta,		int child = 2 * s;,		int child = 2 * s+1;]]	[ChangeDelta::: position: 11::: lines: [				child = 2 * s + 1;] to [				child = 2 * s + 2;
HeapSort_b.java,InsertDelta,,				H[child]=tmp;
HeapSort_b.java,DeleteDelta,,				H[child]=tmp;
HeapSort_b.java,ChangeDelta,		for (int i = (length - 1) / 2; i >= 0; i--) {,		for (int i = (length - 0) / 2; i >= 0; i--) {
HeapSort_b.java,ChangeDelta,			if (child + 1 < length && H[child] < H[child + 1]) {,			if (child + 1 < length && H[child] > H[child + 1]) {]]	[ChangeDelta::: position: 8::: lines: [			if (H[s] < H[child]) {] to [			if (H[s] > H[child]) {
HeapSort_b.java,ChangeDelta,			if (H[s] < H[child]) {,			if (H[s] > H[child]) {
HeapSort_b.java,ChangeDelta,				adjust(H::: 0::: i);,				//adjust(H::: 0::: i);
HeapSort_b.java,ChangeDelta,				child = 2 * s + 2;//,				child = 2 * s + 1;//
