TicTacToe_b.java,ChangeDelta,    public void nextMove(int moveIndex::: ArrayList<Integer> steps),    public void nextMove(int moveIndex::: ArrayList<Integer> steps)//////checked]]	[ChangeDelta::: position: 140::: lines: [    public char checkWhoWon()] to [    public char checkWhoWon()////////checked
TicTacToe_b.java,ChangeDelta,        if (i == 1){,        if (i == 0){
TicTacToe_b.java,InsertDelta,,        	nextMove(1 ::: gameRecord.getSteps());
TicTacToe_b.java,InsertDelta,,        	nextMove(1 ::: gameRecord.getSteps());
TicTacToe_b.java,ChangeDelta,        	nextMove(1 ::: gameRecord.getSteps());:::         	nextMove(1 ::: gameRecord.getSteps());:::         	nextMove(1 ::: gameRecord.getSteps());,        	nextMove(1 ::: gameRecord.getSteps());nextMove(1 ::: gameRecord.getSteps());
TicTacToe_b.java,ChangeDelta,        	nextMove(1 ::: gameRecord.getSteps());nextMove(1 ::: gameRecord.getSteps());,        	nextMove(1 ::: gameRecord.getSteps());//nextMove(1 ::: gameRecord.getSteps());]]	[ChangeDelta::: position: 202::: lines: [        if (movesCounter == MAX_NUMBER_OF_MOVES)] to [        if (movesCounter == gameRecord.getSteps().size()*2)//if (movesCounter == MAX_NUMBER_OF_MOVES)
AI.java,ChangeDelta,        if (singCounter == 2 && emptyRowIndex != -1),        if (singCounter == 2 && emptyRowIndex != -1&& emptyColumnIndex != -1)
AI.java,ChangeDelta,        if (singCounter == 2 && emptyRowIndex != -1 ),        if (singCounter == 2 && emptyRowIndex != -1 && emptyColumnIndex != -1)
TicTacToe_b.java,ChangeDelta,        for (int idx = 0 ; idx < gameRecord.getSteps().size() ; idx++ ){,        for (int idx = 0 ; idx < MAX_NUMBER_OF_MOVES/2 ; idx++ ){
TicTacToe_b.java,ChangeDelta,        if (movesCounter == MAX_NUMBER_OF_MOVES),        if (movesCounter == MAX_NUMBER_OF_MOVES||movesCounter == gameRecord.getSteps().size()*2)
TicTacToe_b.java,ChangeDelta,        if (movesCounter == MAX_NUMBER_OF_MOVES||movesCounter == gameRecord.getSteps().size()*2),        if (movesCounter == MAX_NUMBER_OF_MOVES||movesCounter == gameRecord.getSteps().size()*2+1)
