HeapSort_a.java,ChangeDelta,				adjust(H::: 0::: i);,				adjust(H::: 0::: i-1);
HeapSort_a.java,InsertDelta,,			System.out.println();
HeapSort_a.java,ChangeDelta,			System.out.println();,			System.out.println(H);
HeapSort_a.java,DeleteDelta,,			System.out.println(H);
HeapSort_a.java,ChangeDelta,			if (child + 1 < length && H[child] < H[child + 1]) {,			if (child + 1 < length && H[child] > H[child + 1]) {
HeapSort_a.java,ChangeDelta,			if (H[s] < H[child]) {,			if (H[s] > H[child]) {
HeapSort_a.java,ChangeDelta,			} else {::: 				break;::: 			},			} 
HeapSort_a.java,ChangeDelta,			} ,			}else{::: 				break;::: 			}
HeapSort_a.java,ChangeDelta,			H[s] = tmp;,			]]	[InsertDelta::: position: 17::: lines: [		H[s] = tmp;
HeapSort_a.java,ChangeDelta,			H[s] = tmp;,			H[child] = tmp;
HeapSort_a.java,:\m,,test\projects\101\2469\HeapSort_a\src\HeapSort_a.ja
HeapSort_a.java,ChangeDelta,		for (int i = (length - 1) / 2; i > 0; i--) {,		for (int i = (length - 1) / 2; i > =0; i--) {
HeapSort_a.java,ChangeDelta,		for (int i = (length - 1) / 2; i > =0; i--) {,		for (int i = (length - 1) / 2; i >=0; i--) {
