HeapSort_b.java,ChangeDelta,			for (int i = length - 1; i >= 0; --i) {,			for (int i = length - 1; i > 0; --i) {
HeapSort_b.java,ChangeDelta,		for (int i = (length ) / 2; i >= 0; i--) {,		for (int i = (length - 1) / 2; i >= 0; i--) {]]	[ChangeDelta::: position: 32::: lines: [				adjust(H::: 0::: i);] to [				adjust(H::: 0::: length);
HeapSort_b.java,ChangeDelta,				adjust(H::: 0::: length);,				adjust(H::: i::: length);
HeapSort_b.java,ChangeDelta,			for (int i = length - 1; i >= 0; --i) {,			for (int i = length - 1; i > 0; --i) {]]	[ChangeDelta::: position: 32::: lines: [				adjust(H::: i::: length);] to [				adjust(H::: 0::: i);
HeapSort_b.java,ChangeDelta,		int child = 2 * s;,		int child = 2 * s+1;
