QuickSort_a.java,ChangeDelta,		return rightPointer;,		return leftPointer;
QuickSort_a.java,ChangeDelta,		exchange(list::: low::: rightPointer);,		exchange(list::: low::: leftPointer);
QuickSort_a.java,ChangeDelta,		exchange(list::: low::: leftPointer);,		exchange(list::: high::: leftPointer);
QuickSort_a.java,ChangeDelta,		exchange(list::: high::: leftPointer);,		exchange(list::: high::: rightPointer);
QuickSort_a.java,ChangeDelta,			if (leftPointer >= rightPointer),			if (leftPointer <= rightPointer)
QuickSort_a.java,ChangeDelta,		int pivot = list[low];,		int pivot = list[high];
QuickSort_a.java,ChangeDelta,		if (leftSide < rightSide) {,		if (leftSide > rightSide) {
QuickSort_a.java,ChangeDelta,		if (leftSide < rightSide) {,		if (leftSide <= rightSide) {
QuickSort_a.java,ChangeDelta,		if (leftSide <= rightSide) {,		if (leftSide >= rightSide) {
QuickSort_a.java,ChangeDelta,			quickSort(unSortList::: leftSide::: pivotPosition - 1);::: 			quickSort(unSortList::: pivotPosition + 1::: rightSide);,			quickSort(unSortList::: leftSide::: pivotPosition + 1);::: 			quickSort(unSortList::: pivotPosition - 1::: rightSide);
QuickSort_a.java,ChangeDelta,			while (list[--rightPointer] > pivot) {,			while (list[--rightPointer] > list[high]) {
QuickSort_a.java,ChangeDelta,			while (list[--rightPointer] > pivot) {,			while (list[--rightPointer] < pivot) {
QuickSort_a.java,ChangeDelta,			while (list[--rightPointer] > pivot) {,			while (list[rightPointer] > pivot) {
QuickSort_a.java,ChangeDelta,			while (list[--rightPointer] > pivot) {,			while (list[rightPointer] > pivot) {::: 				rightPointer--;
