GameRecord.java,ChangeDelta,		return firstPlayer;,		return this.firstPlayer;
Field.java,InsertDelta,            cellIndex++;]]	[ChangeDelta::: position: 55::: lines: [        cellIndex++;,        //cellIndex++;
Field.java,DeleteDelta,,            cellIndex++;]]	[InsertDelta::: position: 54::: lines: [            cellIndex++;
Field.java,InsertDelta,,            cell = DEFAULT_VALUE;
Field.java,DeleteDelta,,            cell = DEFAULT_VALUE;
AI.java,ChangeDelta,            else if (Field.gameField[i][2-i] == Field.DEFAULT_VALUE),            else if (Field.gameField[i][3-i] == Field.DEFAULT_VALUE)
AI.java,ChangeDelta,                emptyColumnIndex = 2 - i;,                emptyColumnIndex = 3 - i;
Field.java,ChangeDelta,        for (int i = 0; i < gameField.length; ++i),        for (int i = 0; i < gameField.length; i++)]]	[ChangeDelta::: position: 16::: lines: [            for (int j = 0; j < gameField[i].length; ++j)] to [            for (int j = 0; j < gameField[i].length; j++)
