SubSequence_a.java,ChangeDelta,					helperTable[i][j] += helperTable[i - 1][j],					helperTable[i][j-1] += helperTable[i - 1][j]
SubSequence_a.java,ChangeDelta,					helperTable[i][j] += helperTable[i - 1][j],					helperTable[i][j+1] += helperTable[i - 1][j]
SubSequence_a.java,ChangeDelta,					helperTable[i][j+1] += helperTable[i - 1][j],					helperTable[i][j-1] += helperTable[i - 1][j]
SubSequence_a.java,:\m,,test\projects\102\2647\SubSequence_a\src\SubSequence_a.ja
SubSequence_a.java,ChangeDelta,		for (int i = 0; i < longSeq.length(); i++),		for (int i = 0; i <= longSeq.length(); i++)
SubSequence_a.java,:\m,,test\projects\102\2647\SubSequence_a\src\SubSequence_a.ja
SubSequence_a.java,ChangeDelta,					helperTable[i][j] += helperTable[i - 1][j],					helperTable[i][2 * j - 1] += helperTable[i - 1][j]
SubSequence_a.java,ChangeDelta,					helperTable[i][2 * j - 1] += helperTable[i - 1][j],					helperTable[i][2 * j - 2] += helperTable[i - 1][j]
SubSequence_a.java,ChangeDelta,					helperTable[i][2 * j - 2] += helperTable[i - 1][j],					helperTable[i][j - i] += helperTable[i - 1][j]
SubSequence_a.java,ChangeDelta,					helperTable[i][j - i] += helperTable[i - 1][j],					helperTable[i][j - i + 1] += helperTable[i - 1][j]
SubSequence_a.java,ChangeDelta,							+ helperTable[i][j - 1];,							+ helperTable[i][j - 1] + helperTable[i-1][j-1];
SubSequence_a.java,:\m,,test\projects\102\2647\SubSequence_a\src\SubSequence_a.ja
SubSequence_a.java,ChangeDelta,			for (int j = 1; j <= shortSeq.length(); j++) {,			for (int j = 1; j <= shortSeq.length()+1; j++) {
SubSequence_a.java,ChangeDelta,		return helperTable[longSeq.length()][shortSeq.length()];,		return helperTable[longSeq.length()][shortSeq.length()+1];
SubSequence_a.java,ChangeDelta,							+ helperTable[i][j - 1];,							+ helperTable[i][j - 1] + helperTable[i - 1][j - 1];
SubSequence_a.java,ChangeDelta,		for (int i = 1; i <= longSeq.length(); i++) {,		for (int i = 0; i <= longSeq.length(); i++) {
SubSequence_a.java,ChangeDelta,		for (int i = 1; i <= longSeq.length(); i++) {,		for (int i = ; i <= longSeq.length(); i++) {
SubSequence_a.java,ChangeDelta,		return helperTable[longSeq.length()][shortSeq.length()];,		return helperTable[longSeq.length()-1][shortSeq.length()];
SubSequence_a.java,ChangeDelta,		for (int i = 0; i < longSeq.length(); i++),		for (int i = 0; i <= longSeq.length(); i++)
SubSequence_a.java,:\m,,test\projects\102\2647\SubSequence_a\src\SubSequence_a.ja
SubSequence_a.java,ChangeDelta,		for (int i = 0; i < longSeq.length(); i++),		for (int i = 0; i <= longSeq.length(); i++)
SubSequence_a.java,ChangeDelta,							+ helperTable[i][j - 1];,							+ helperTable[i - 1][j - 1];
