QuickSort_b.java,ChangeDelta,		int rightPointer = high + 1;,		int rightPointer = high;::: 		//int rightPointer = high + 1;
QuickSort_b.java,ChangeDelta,				if (leftPointer == high),				if (leftPointer == (high-1))
QuickSort_b.java,ChangeDelta,		exchange(list::: low::: rightPointer);,		exchange(list::: low::: rightPointer);System.out.println(rightPointer);
QuickSort_b.java,ChangeDelta,			quickSort(unSortList::: leftSide::: pivotPosition - 1);,			quickSort(unSortList::: leftSide::: pivotPosition);
QuickSort_b.java,InsertDelta,,		System.out.println("---");
QuickSort_b.java,ChangeDelta,			exchange(list::: leftPointer::: rightPointer);,			exchange(list::: leftPointer::: rightPointer);out(list);]]	[ChangeDelta::: position: 37::: lines: [	private void out(int[] i) {] to [	private static void out(int[] i) {
QuickSort_b.java,ChangeDelta,			if (leftPointer > rightPointer),			if (leftPointer >= rightPointer)
QuickSort_b.java,ChangeDelta,			if (leftPointer > rightPointer),			if (leftPointer >= rightPointer)
