GameHelper.java,ChangeDelta,					success = false; ,					success = true; 
GameHelper.java,ChangeDelta,				coords[++nth] = location; ,				coords[nth++] = location; 
GameHelper.java,ChangeDelta,		while (success && nth < comSize) {,		while (success && nth <= comSize) {
GameHelper.java,ChangeDelta,				if (nth > 0 && (location % gridLength == 0)) { ,				if (nth > 0 || (location % gridLength == 0)) { 
GameHelper.java,ChangeDelta,				if (location >= gridSize) { ,				if (location > gridSize) { 
GameHelper.java,ChangeDelta,				if (location >= gridSize) { ,				if (location > gridSize) { 
GameHelper.java,ChangeDelta,					success = false; ,					success = true; 
GameHelper.java,ChangeDelta,		while (success || nth < comSize) {,		while (success && nth <= comSize) {
GameHelper.java,ChangeDelta,			column = coords[x] % gridLength;,			column = coords[x] % gridLength+1;]]	[ChangeDelta::: position: 99::: lines: [		++comCount;] to [		comCount++;
GameHelper.java,ChangeDelta,			column = coords[x] % gridLength+1;,			column =(int) (coords[x] / gridLength);
GameHelper.java,ChangeDelta,			column =(int) (coords[x] / gridLength);,			column =coords[x] / (gridLength+1);
GameHelper.java,ChangeDelta,					success = false; ,					success = true; ]]	[ChangeDelta::: position: 93::: lines: [			column =coords[x] / (gridLength+1);] to [			column =coords[x] / gridLength;
GameHelper.java,ChangeDelta,				if (nth > 0 && (location % gridLength == 0)) { ,				if (nth >= 0 && (location % gridLength == 0)) { 
GameHelper.java,ChangeDelta,		while (success && nth < comSize) {,		while (success && nth <= comSize) {
GameHelper.java,ChangeDelta,		while (success && nth <= comSize) {,		while (success && nth < comSize-1) {
GameHelper.java,ChangeDelta,		int column = 1;::: 		while (x < comSize) {,		int column = 0;::: 		while (x <= comSize) {
GameHelper.java,ChangeDelta,		while (x <= comSize) {::: 			grid[coords[x]] = 0; ,		while (x < comSize) {::: 			grid[coords[x]] = 1; 
