QuickSort_b.java,ChangeDelta,					break;,					
QuickSort_b.java,ChangeDelta,					,					continue;
QuickSort_b.java,ChangeDelta,			int pivotPosition = partition(unSortList::: leftSide::: rightSide);System.out.print(pivotPosition);,			int pivotPosition = partition(unSortList::: leftSide::: rightSide);System.out.println(pivotPosition);
QuickSort_b.java,ChangeDelta,			int pivotPosition = partition(unSortList::: leftSide::: rightSide);,			int pivotPosition = partition(unSortList::: leftSide::: rightSide);System.out.println(pivotPosition);]]	[ChangeDelta::: position: 11::: lines: [		int pivot = list[low];::: 		int leftPointer = low;::: 		int rightPointer = high + 1;] to [		int pivot = list[low];System.out.println(pivot);::: 		int leftPointer = low;System.out.println(leftPointer);::: 		int rightPointer = high + 1;System.out.println(rightPointer);
QuickSort_b.java,ChangeDelta,				if (leftPointer == high),				if (leftPointer == high) ]]	[ChangeDelta::: position: 25::: lines: [			exchange(list::: leftPointer::: rightPointer);] to [			exchange(list::: leftPointer::: rightPointer);System.out.println(list);
QuickSort_b.java,ChangeDelta,			exchange(list::: leftPointer::: rightPointer);System.out.println(list);,			exchange(list::: leftPointer::: rightPointer);System.out.println(list[leftPointer]+ list[rightPointer]);
QuickSort_b.java,ChangeDelta,		int rightPointer = high + 1;System.out.println(rightPointer);,		int rightPointer = high + 1;system.out.println(rightPointer);]]	[ChangeDelta::: position: 25::: lines: [			exchange(list::: leftPointer::: rightPointer);System.out.println(list[leftPointer]+ list[rightPointer]);] to [			exchange(list::: leftPointer::: rightPointer);
QuickSort_b.java,:\m,,test\projects\102\2625\QuickSort_b\src\QuickSort_b.ja
QuickSort_b.java,ChangeDelta,			quickSort(unSortList::: leftSide::: pivotPosition - 1);,			quickSort(unSortList::: leftSide::: pivotPosition );
QuickSort_b.java,ChangeDelta,			quickSort(unSortList::: leftSide::: pivotPosition - 1);,			quickSort(unSortList::: leftSide::: pivotPosition + 1);
QuickSort_b.java,ChangeDelta,					break;,					continue;
QuickSort_b.java,ChangeDelta,					break;,					continue;
QuickSort_b.java,ChangeDelta,		return rightPointer+1;,		return rightPointer;
QuickSort_b.java,ChangeDelta,					break;,					continue;
QuickSort_b.java,ChangeDelta,				if (leftPointer == high),				if (leftPointer >= high)
QuickSort_b.java,ChangeDelta,					break;,					continue;
QuickSort_b.java,ChangeDelta,			if (leftPointer > rightPointer),			if (leftPointer >= rightPointer)]]	[ChangeDelta::: position: 27::: lines: [		exchange(list::: low::: leftPointer);] to [		exchange(list::: low::: rightPointer);
