ElevatorController.java,ChangeDelta,		if((Math.abs(direction - passenger.getDirection()) < 2) && (floorDiff * direction >= 0)){,		if((Math.abs(direction - passenger.getDirection()) <= 2) && (floorDiff * direction >= 0)){]]	[InsertDelta::: position: 151::: lines: [
ElevatorController.java,ChangeDelta,		if((Math.abs(direction - passenger.getDirection()) <= 2) && (floorDiff * direction >= 0)){,		if((Math.abs(direction - passenger.getDirection()) < 2) && (floorDiff * direction > 0)){]]	[InsertDelta::: position: 151::: lines: [
ElevatorController.java,ChangeDelta,		if((Math.abs(direction - passenger.getDirection()) < 2) && (floorDiff * direction >= 0)){,		if((Math.abs(direction - passenger.getDirection()) != 2) && (floorDiff * direction >= 0)){]]	[InsertDelta::: position: 151::: lines: [
ElevatorController.java,ChangeDelta,		if((Math.abs(direction - passenger.getDirection()) < 2) && (floorDiff * direction >= 0)){,		if((Math.abs(direction - passenger.getDirection()) == 0) && (floorDiff * direction >= 0)){]]	[InsertDelta::: position: 151::: lines: [
ElevatorController.java,InsertDelta,		}]]	[DeleteDelta::: position: 56::: lines: [			]]	[ChangeDelta::: position: 68::: lines: [		},		]]	[InsertDelta::: position: 151::: lines: [
ElevatorController.java,DeleteDelta,		}]]	[InsertDelta::: position: 57::: lines: [			]]	[ChangeDelta::: position: 68::: lines: [		,		}]]	[InsertDelta::: position: 151::: lines: [
ElevatorController.java,ChangeDelta,				if(assigned.getDirection() == 0){,				if(assigned.getDirection() == 1){]]	[InsertDelta::: position: 151::: lines: [
ElevatorController.java,ChangeDelta,				if(assigned.getDirection() == 1){,				if(assigned.getDirection() == -1){]]	[InsertDelta::: position: 151::: lines: [
Elevator_b.java,ChangeDelta,		if(CurrentDestination.size() == 0){,		if(CurrentDestination.size() != 0){
Elevator_b.java,ChangeDelta,		else if(passengerFloor > CurrentFloor){,		else if(passengerFloor < CurrentFloor){
Elevator_b.java,ChangeDelta,			if(passenger.getDirection() == 1){,			if(passenger.getDirection() == -1){
ElevatorController.java,ChangeDelta,			if(assigned != null){,			if(assigned == null){]]	[InsertDelta::: position: 151::: lines: [
ElevatorController.java,ChangeDelta,			else if(Math.abs(assigned.getCurrentFloor() - passenger.getFloor()) > Math.abs(floorDiff)){,			else if(Math.abs(assigned.getCurrentFloor() - passenger.getFloor()) < Math.abs(floorDiff)){]]	[InsertDelta::: position: 151::: lines: [
ElevatorController.java,ChangeDelta,			else if(Math.abs(assigned.getCurrentFloor() - passenger.getFloor()) == Math.abs(floorDiff)){,			else if(Math.abs(assigned.getCurrentFloor() - passenger.getFloor()) <= Math.abs(floorDiff)){]]	[InsertDelta::: position: 151::: lines: [
Elevator_b.java,ChangeDelta,			if(passengerDirection == -1){,			if(passengerDirection == 1){
ElevatorController.java,ChangeDelta,					return elevator;,					return assigned; ]]	[InsertDelta::: position: 151::: lines: [
