HeapSort_c.java,ChangeDelta,				++child;,				child++;
HeapSort_c.java,ChangeDelta,				++child;,				--child;
HeapSort_c.java,ChangeDelta,			if (H[s] < H[child]) {,			if (H[s] > H[child]) {
HeapSort_c.java,ChangeDelta,				break;,				continue;
HeapSort_c.java,ChangeDelta,			for (int i = length - 1; i >= 0; --i) {,			for (int i = length - 1; i > 0; --i) {
HeapSort_c.java,DeleteDelta,				H[s] = tmp;]]	[ChangeDelta::: position: 16::: lines: [			,			H[s] = tmp;
HeapSort_c.java,ChangeDelta,			for (int i = length - 1; i >= 0; --i) {,			for (int i = length - 1; i > 0; --i) {
HeapSort_c.java,ChangeDelta,				child = 2 * s + 2;,				child = 2 * s + 1;
