QuickSort_a.java,ChangeDelta,			while (list[++leftPointer] < pivot) {,			while (list[leftPointer++] < pivot) {]]	[ChangeDelta::: position: 19::: lines: [			while (list[--rightPointer] > pivot) {] to [			while (list[rightPointer--] > pivot) {
QuickSort_a.java,ChangeDelta,			while (list[++leftPointer] < pivot) {,			while (list[++leftPointer] <= pivot) {]]	[ChangeDelta::: position: 19::: lines: [			while (list[--rightPointer] > pivot) {] to [			while (list[--rightPointer] >= pivot) {
QuickSort_a.java,ChangeDelta,			quickSort(unSortList::: leftSide::: pivotPosition - 1);::: 			quickSort(unSortList::: pivotPosition + 1::: rightSide);,			quickSort(unSortList::: leftSide::: pivotPosition);::: 			quickSort(unSortList::: pivotPosition::: rightSide);
QuickSort_a.java,ChangeDelta,		exchange(list::: low::: rightPointer);,		//exchange(list::: low::: rightPointer);
QuickSort_a.java,ChangeDelta,			if (leftPointer >= rightPointer),			if (leftPointer > rightPointer)
QuickSort_a.java,ChangeDelta,		return rightPointer;,		return leftPointer;
QuickSort_a.java,ChangeDelta,		exchange(list::: low::: rightPointer);,		exchange(list::: low::: leftPointerPointer);
QuickSort_a.java,ChangeDelta,		exchange(list::: low::: leftPointerPointer);,		exchange(list::: low::: leftPointer);
QuickSort_a.java,ChangeDelta,		exchange(list::: low::: leftPointer);,		exchange(list::: high::: rightPointer);
QuickSort_a.java,ChangeDelta,		int pivot = list[low];,		int pivot = list[high];
QuickSort_a.java,ChangeDelta,		int pivot = list[high];,		int pivot = list[0];
QuickSort_a.java,DeleteDelta,				exchange(list::: leftPointer::: rightPointer);]]	[ChangeDelta::: position: 26::: lines: [			,			//exchange(list::: leftPointer::: rightPointer);
QuickSort_a.java,ChangeDelta,		exchange(list::: leftPointer::: rightPointer);,		exchange(list::: low::: high);
