SubSequence_a.java,ChangeDelta,					helperTable[i][j] += helperTable[i - 1][j],					helperTable[i][j] = helperTable[i - 1][j]
SubSequence_a.java,ChangeDelta,					helperTable[i][j] += helperTable[i - 1][j];,					helperTable[i][j] = helperTable[i - 1][j];
SubSequence_a.java,ChangeDelta,					helperTable[i][j] = helperTable[i - 1][j];,					helperTable[i][j] = helperTable[i - 1][j-1];
SubSequence_a.java,ChangeDelta,					helperTable[i][j] = helperTable[i - 1][j-1];,					helperTable[i][j] = helperTable[i ][j-1];
SubSequence_a.java,ChangeDelta,					helperTable[i][j] += helperTable[i - 1][j];,					helperTable[i][j] += helperTable[i - 1][j-1];
SubSequence_a.java,ChangeDelta,			helperTable[i][0] = 1;,			helperTable[i][0] = 0;
SubSequence_a.java,ChangeDelta,							+ helperTable[i][j - 1];,							+ helperTable[i][j - 1]+1;
SubSequence_a.java,InsertDelta,,					i++;
SubSequence_a.java,InsertDelta,,					break;
SubSequence_a.java,ChangeDelta,							+ helperTable[i][j - 1];::: 					i++;,							* helperTable[i][j - 1];::: 					]]	[ChangeDelta::: position: 20::: lines: [					break;] to [					
SubSequence_a.java,ChangeDelta,					,					break;
SubSequence_a.java,ChangeDelta,					i++;,					]]	[ChangeDelta::: position: 20::: lines: [					i++;] to [					]]	[InsertDelta::: position: 22::: lines: [				i++;
SubSequence_a.java,ChangeDelta,					,					j--;
SubSequence_a.java,ChangeDelta,				if (longSeq.charAt(i - 1) == shortSeq.charAt(j - 1)) {,				if (longSeq.charAt(j - 1) == shortSeq.charAt(j - 1)) {
SubSequence_a.java,ChangeDelta,				if (longSeq.charAt(i - 1) == shortSeq.charAt(j - 1)) {,				if (longSeq.charAt(i - 1) == shortSeq.charAt(i - 1)) {
SubSequence_a.java,ChangeDelta,					,					continue;
SubSequence_a.java,ChangeDelta,					continue;,					break;
SubSequence_a.java,ChangeDelta,					,					j--;
SubSequence_a.java,ChangeDelta,		for (int i = 0; i < longSeq.length(); i++),		for (int i = 0; i <=longSeq.length(); i++)
SubSequence_a.java,:\m,,test\projects\101\2508\SubSequence_a\src\SubSequence_a.ja
SubSequence_a.java,ChangeDelta,		for (int i = 0; i <=longSeq.length(); i++),		for (int i = 0; i <longSeq.length(); i++)]]	[InsertDelta::: position: 17::: lines: [					
SubSequence_a.java,ChangeDelta,					helperTable[i][j] += helperTable[i - 1][j]::: 							+ helperTable[i][j - 1];,					helperTable[i][j] +=  helperTable[i][j - 1];
