FindTriple_a.java,InsertDelta,,	::: 	public static void main(String[] args) {::: 		int[] test = {-1::: 0::: 1::: 2::: -1::: -4};::: 		ArrayList<ArrayList<Integer>> result = FindTriple_a.three_summary(test);::: 	}
FindTriple_a.java,InsertDelta,,		System.out.println(result);::: 
FindTriple_a.java,ChangeDelta,			if (i == 0 || inputList[i] > inputList[i - 1]) {,			if (i == 0 || inputList[i] >= inputList[i - 1]) {
FindTriple_a.java,ChangeDelta,						while (s < e && inputList[s] == inputList[s - 1]),						while (s < e || inputList[s] == inputList[s - 1])
FindTriple_a.java,ChangeDelta,						while (s < e || inputList[e] == inputList[e + 1]),						while (s < e && inputList[e] == inputList[e + 1])
