GameHelper.java,ChangeDelta,		while (success && nth < comSize) {,		while (success && nth > comSize) {
GameHelper.java,ChangeDelta,		while (success && nth < comSize) {,		while (success || nth < comSize) {
GameHelper.java,ChangeDelta,				if (nth > 0 && (location % gridLength == 0)) { ,				if (nth > 0 || (location % gridLength == 0)) { 
GameHelper.java,ChangeDelta,				if (nth > 0 && (location % gridLength == 0)) { ,				if (nth > 0 && (location % gridLength == 1)) { 
GameHelper.java,ChangeDelta,			grid[coords[x]] = 1; ,			grid[coords[x]] = 0; 
GameHelper.java,ChangeDelta,				if (nth > 0 && (location % gridLength == 0)) { ,				if (nth > 0 || (location % gridLength == 0)) { 
GameHelper.java,ChangeDelta,			grid[coords[x]] = 1; ,			grid[coords[x]] = 0; 
GameHelper.java,ChangeDelta,				coords[nth++] = location; ,				coords[nth] = location; 
