HeapSort_b.java,ChangeDelta,			if (child + 1 < length && H[child] < H[child + 1]) {,			if ((child + 1 )< length && H[child] < H[child + 1]) {
HeapSort_b.java,ChangeDelta,			if (child + 1 < length && H[child] < H[child + 1]) {,			if ((child + 1) < length && H[child] < H[child + 1]) {
HeapSort_b.java,ChangeDelta,			if (child + 1 < length && H[child] < H[child + 1]) {,			if (((child + 1 )< length) && H[child] < H[child + 1]) {
HeapSort_b.java,ChangeDelta,			if (((child + 1 )< length) && H[child] < H[child + 1]) {,			if ((child + 1 )< length && H[child] < H[child + 1]) {
HeapSort_b.java,ChangeDelta,			if (H[s] < H[child]) {,			if (H[s] > H[child]) {
HeapSort_b.java,ChangeDelta,			if (child + 1 < length && H[child] < H[child + 1]) {,			if (child< length && H[child] < H[child + 1]) {
HeapSort_b.java,ChangeDelta,			if (child + 1 < length && H[child] < H[child + 1]) {,			if (child + 1 < length || H[child] < H[child + 1]) {
HeapSort_b.java,ChangeDelta,				child = 2 * s + 1;,				child = 2 * s ;
