TicTacToe_a.java,ChangeDelta,        	if (i == 0){,//        	if (i == 0){]]	[ChangeDelta::: position: 57::: lines: [        	}:::         	else{:::         		nextMove(idx * 2 + 1::: gameRecord.getSteps());:::                 field.drawGameField();:::                 :::         		if (isEndOfGame()){:::         			break;:::         		}:::         		:::         		nextMove(idx * 2 ::: gameRecord.getSteps());:::         	}] to [//        	}::: //        	else{::: //        		nextMove(idx * 2 + 1::: gameRecord.getSteps());::: //                field.drawGameField();::: //                ::: //        		if (isEndOfGame()){::: //        			break;::: //        		}::: //        		::: //        		nextMove(idx * 2 ::: gameRecord.getSteps());::: //        	}
GameRecord.java,InsertDelta,,		for (int i=0;i<this.steps.size();i++){::: 			System.out.println(this.steps.get(i));::: 		}
GameRecord.java,DeleteDelta,,		for (int i=0;i<this.steps.size();i++){::: 			System.out.println(this.steps.get(i));::: 		}
TicTacToe_a.java,ChangeDelta,        if (moveIndex % 2 == 0),        if ((moveIndex % 2 == 0)&&(this.gameRecord.getFirstPlayer()==0))
TicTacToe_a.java,InsertDelta,,        			System.out.println("!!!!");
TicTacToe_a.java,DeleteDelta,,        			System.out.println("!!!!");
TicTacToe_a.java,ChangeDelta,            else if (i != Field.FIELD_SIZE - 1),            else if (i == Field.FIELD_SIZE - 1)
