MazeSearcher_c.java,ChangeDelta,			next = new Point(current.x::: current.y - 1);,			next = new Point(current.x-1::: current.y );
MazeSearcher_c.java,ChangeDelta,		if (current.y - 1 >= 0) {,		if (current.x - 1 >= 0) {
MazeSearcher_c.java,ChangeDelta,					pre = backtrackPoints[1];::: 					current = backtrackPoints[0];,					pre = backtrackPoints[0];::: 					current = backtrackPoints[1];
MazeSearcher_c.java,ChangeDelta,				&& maze[maze.length - 1].length - 1 == current.y,				&& maze[maze.length - 1].length  == current.y
MazeSearcher_c.java,ChangeDelta,		if (maze.length - 1 == current.x::: 				&& maze[maze.length - 1].length - 1 == current.y,		if (maze.length - 1 == current.y::: 				&& maze[maze.length - 1].length - 1 == current.x
MazeSearcher_c.java,ChangeDelta,		if (maze.length - 1 == current.x::: 				&& maze[maze.length - 1].length - 1 == current.y,		if (maze.length  == current.x::: 				&& maze[maze.length - 1].length  == current.y
MazeSearcher_c.java,ChangeDelta,				&& maze[maze.length - 1].length - 1 == current.y,				|| maze[maze.length - 1].length - 1 == current.y
MazeSearcher_c.java,ChangeDelta,		if (maze.length - 1 == current.x::: 				|| maze[maze.length - 1].length - 1 == current.y,		if (maze.length  == current.x::: 				|| maze[maze.length - 1].length  == current.y
MazeSearcher_c.java,ChangeDelta,				&& isAvailable(current)) {,				|| isAvailable(current)) {
MazeSearcher_c.java,ChangeDelta,		if (maze.length  == current.x::: 				|| maze[maze.length - 1].length  == current.y,		if (maze.length-1  == current.x::: 				|| maze[maze.length - 1].length-1  == current.y
MazeSearcher_c.java,ChangeDelta,				next = movables.remove(0);,				next = movables.get(0);
MazeSearcher_c.java,ChangeDelta,				next = movables.remove(0);,				next = movables.remove(1);
MazeSearcher_c.java,ChangeDelta,								&& ((currentPathPoints[1] == null && backtrackPoints[1] == null) || currentPathPoints[1],								&& ((currentPathPoints[1] != null && backtrackPoints[1] != null) || currentPathPoints[1]
MazeSearcher_c.java,ChangeDelta,						currentPathPoints = currentPath.remove(currentPath::: 								.size() - 1);,						currentPathPoints = currentPath.remove(0);
MazeSearcher_c.java,ChangeDelta,						Point temPoint = movables.remove(0);,						Point temPoint = movables.get(0);
MazeSearcher_c.java,ChangeDelta,			if (path[0].equals(next)) {,			if (path[1].equals(next)) {
