QuickSort_a.java,ChangeDelta,		if (leftSide < rightSide) {,		if (leftSide > rightSide) {
QuickSort_a.java,ChangeDelta,			if (leftPointer >= rightPointer),			if (leftPointer > rightPointer)
QuickSort_a.java,ChangeDelta,			if (leftPointer > rightPointer),			if (leftPointer < rightPointer)
QuickSort_a.java,ChangeDelta,			while (list[++leftPointer] < pivot) {,			while (list[leftPointer++] < pivot) {]]	[ChangeDelta::: position: 19::: lines: [			while (list[--rightPointer] > pivot) {] to [			while (list[rightPointer--] > pivot) {
QuickSort_a.java,ChangeDelta,			while (list[rightPointer--] > pivot) {,			while (list[--rightPointer] > pivot) {
QuickSort_a.java,ChangeDelta,			exchange(list::: leftPointer::: rightPointer);,			exchange(list::: leftPointer::: high);
QuickSort_a.java,ChangeDelta,			exchange(list::: leftPointer::: rightPointer);,			exchange(list::: low::: rightPointer);
QuickSort_a.java,ChangeDelta,			while (list[++leftPointer] < pivot) {,			while (list[++leftPointer] <= pivot) {]]	[ChangeDelta::: position: 19::: lines: [			while (list[--rightPointer] > pivot) {] to [			while (list[--rightPointer] >= pivot) {
QuickSort_a.java,ChangeDelta,			while (list[--rightPointer] > pivot) {,			while (list[--rightPointer] >= pivot) {
QuickSort_a.java,ChangeDelta,			quickSort(unSortList::: leftSide::: pivotPosition - 1);,			quickSort(unSortList::: leftSide::: pivotPosition);
QuickSort_a.java,ChangeDelta,			quickSort(unSortList::: pivotPosition + 1::: rightSide);,			quickSort(unSortList::: pivotPosition::: rightSide);
QuickSort_a.java,ChangeDelta,			quickSort(unSortList::: pivotPosition + 1::: rightSide);,			quickSort(unSortList::: pivotPosition::: rightSide);
QuickSort_a.java,ChangeDelta,			quickSort(unSortList::: leftSide::: pivotPosition);,			quickSort(unSortList::: leftSide::: pivotPosition - 2);
