TicTacToe_b.java,ChangeDelta,            computer.makeMove(-1);,            computer.makeMove(1);
Player.java,ChangeDelta,    private char playerSing = TicTacToe_b.CROSS_CHAR;,    private char playerSing = TicTacToe_b.currentSign;
TicTacToe_b.java,ChangeDelta,        		nextMove(idx * 2 ::: gameRecord.getSteps());,        		nextMove(idx * 2 + 2 ::: gameRecord.getSteps());
TicTacToe_b.java,ChangeDelta,        		nextMove(idx * 2 + 2 ::: gameRecord.getSteps());,        		nextMove(idx * 2 - 2 ::: gameRecord.getSteps());
TicTacToe_b.java,:\m,,test\projects\102\2557\TicTacToe_b\src\TicTacToe_b.ja
TicTacToe_b.java,ChangeDelta,            human.makeMove(steps.get(moveIndex / 2));,            human.makeMove(steps.get(moveIndex % 2));
TicTacToe_b.java,ChangeDelta,            computer.makeMove(-1);,            computer.makeMove(1);
TicTacToe_b.java,ChangeDelta,        		nextMove(idx * 2 + 1::: gameRecord.getSteps());,        		nextMove(idx * 2::: gameRecord.getSteps());
TicTacToe_b.java,ChangeDelta,        	nextMove(1 ::: gameRecord.getSteps());,        	nextMove(idx * 2 + 1 ::: gameRecord.getSteps());
TicTacToe_b.java,ChangeDelta,        	nextMove(idx * 2 + 1 ::: gameRecord.getSteps());,        	nextMove(i * 2 + 1 ::: gameRecord.getSteps());
TicTacToe_b.java,ChangeDelta,        	nextMove(i * 2 + 1 ::: gameRecord.getSteps());,        	nextMove(i ::: gameRecord.getSteps());
TicTacToe_b.java,ChangeDelta,        	nextMove(i ::: gameRecord.getSteps());,        	nextMove(i * 2 ::: gameRecord.getSteps());
TicTacToe_b.java,ChangeDelta,        	nextMove(i * 2 ::: gameRecord.getSteps());,        	nextMove(2 ::: gameRecord.getSteps());
