SubSequence_a.java,ChangeDelta,					helperTable[i][j] += helperTable[i - 1][j],					helperTable[i][i] += helperTable[i - 1][j]
SubSequence_a.java,ChangeDelta,					helperTable[i][j] += helperTable[i - 1][j],					helperTable[i][j-1] += helperTable[i - 1][j]
SubSequence_a.java,ChangeDelta,					helperTable[i][j] += helperTable[i - 1][j],					helperTable[i][j] += helperTable[i][j]
SubSequence_a.java,ChangeDelta,				if (longSeq.charAt(i - 1) == shortSeq.charAt(j - 1)) {,				if (longSeq.charAt(i - 1) != shortSeq.charAt(j - 1)) {
SubSequence_a.java,ChangeDelta,					helperTable[i][j] += helperTable[i - 1][j]::: 							+ helperTable[i][j - 1];,					helperTable[i][j] += (helperTable[i - 1][j]::: 							+ helperTable[i][j - 1]);
SubSequence_a.java,ChangeDelta,					helperTable[i][j] += helperTable[i - 1][j],					helperTable[i][j-1] += helperTable[i - 1][j]
SubSequence_a.java,ChangeDelta,					helperTable[i][j] += helperTable[i - 1][j],					helperTable[i-1][j] += helperTable[i - 1][j]
SubSequence_a.java,ChangeDelta,		System.out.println(numOfSub("cadbcdbddd":::"d"));,		System.out.println(numOfSub("cadbcdbddd":::"dd"));
SubSequence_a.java,ChangeDelta,							+ helperTable[i][j - 1];,							+ helperTable[i-j][j - 1];
SubSequence_a.java,ChangeDelta,					helperTable[i][j] += helperTable[i - 1][j],					helperTable[i][j-1] += helperTable[i - 1][j]
SubSequence_a.java,ChangeDelta,					helperTable[i][j-1] += helperTable[i - 1][j],					helperTable[i-1][j] += helperTable[i - 1][j]
SubSequence_a.java,ChangeDelta,					helperTable[i][j] += helperTable[i - 1][j],					helperTable[i][j] -= helperTable[i - 1][j]
SubSequence_a.java,ChangeDelta,					helperTable[i][j] -= helperTable[i - 1][j],					helperTable[i][j] += helperTable[j - 1][j]
SubSequence_a.java,ChangeDelta,					helperTable[i][j] += helperTable[j - 1][j],					helperTable[i][j] += helperTable[i + 1][j]
SubSequence_a.java,ChangeDelta,					helperTable[i][j] += helperTable[i + 1][j],					helperTable[i][j] += helperTable[i - 1][j-2]
SubSequence_a.java,ChangeDelta,					helperTable[i][j] += helperTable[i - 1][j-2],					helperTable[i][j] += helperTable[i - 1][j-1]
SubSequence_a.java,ChangeDelta,							+ helperTable[i][j - 1];,							- helperTable[i][j - 1];
SubSequence_a.java,ChangeDelta,				if (longSeq.charAt(i - 1) == shortSeq.charAt(j - 1)) {,				if (longSeq.charAt(i - 1) == shortSeq.charAt(j)) {
SubSequence_a.java,ChangeDelta,				if (longSeq.charAt(i - 1) == shortSeq.charAt(j)) {,				if (longSeq.charAt(i - 1) == shortSeq.charAt(j-1)) {
SubSequence_a.java,ChangeDelta,							+ helperTable[i][j - 1];,							+ helperTable[i][i - 1];
SubSequence_a.java,ChangeDelta,					helperTable[i][j] += helperTable[i - 1][j];,					helperTable[i][j] += helperTable[i - 1][j-1];
SubSequence_a.java,ChangeDelta,					helperTable[i][j] += helperTable[i - 1][j];,					helperTable[i][j] += helperTable[i][j-1];
SubSequence_a.java,ChangeDelta,					helperTable[i][j] += helperTable[i][j-1];,					helperTable[i][j] += helperTable[i-1][j-1];
SubSequence_a.java,ChangeDelta,					helperTable[i][j] += helperTable[i][j-1];,					helperTable[i][j] += helperTable[i-1][j];
SubSequence_a.java,ChangeDelta,					helperTable[i][j-1] += helperTable[i - 1][j];,					helperTable[i-1][j] += helperTable[i - 1][j];
SubSequence_a.java,ChangeDelta,					helperTable[i][j] += helperTable[i - 1][j],					helperTable[i-1][j] += helperTable[i - 1][j]
SubSequence_a.java,ChangeDelta,					helperTable[i-1][j] += helperTable[i - 1][j],					helperTable[i][1] += helperTable[i - 1][j]
SubSequence_a.java,ChangeDelta,					helperTable[i][1] += helperTable[i - 1][j],					helperTable[i][0] += helperTable[i - 1][j]
SubSequence_a.java,ChangeDelta,			for (int j = i; j <= shortSeq.length(); j++) {,			for (int j = 1; j <= shortSeq.length(); j++) {
SubSequence_a.java,ChangeDelta,					helperTable[i][j] += helperTable[i - 1][j],					helperTable[i][j] += helperTable[i - 1][j-i]
SubSequence_a.java,ChangeDelta,					helperTable[i][j] += helperTable[i - 1][j],					helperTable[i][j] += helperTable[i - j][j]
SubSequence_a.java,ChangeDelta,					helperTable[i][j-1] += helperTable[i - 1][j],					helperTable[i][0] += helperTable[i - 1][j]
SubSequence_a.java,ChangeDelta,					helperTable[i][1] += helperTable[i - 1][j],					helperTable[i][2] += helperTable[i - 1][j]
SubSequence_a.java,ChangeDelta,					helperTable[i][j] += helperTable[i - 1][j],					helperTable[i][i-j] += helperTable[i - 1][j]
SubSequence_a.java,ChangeDelta,					helperTable[i][j] += helperTable[i - 1][j],					helperTable[i][j] += helperTable[i][j]
SubSequence_a.java,ChangeDelta,					helperTable[i][j] += helperTable[i][j],					helperTable[i][j] += helperTable[i-1][j]
SubSequence_a.java,ChangeDelta,					helperTable[i][j] += helperTable[i-1][j],					helperTable[i][j] += helperTable[i-1][j-1]
SubSequence_a.java,ChangeDelta,							+ helperTable[i][j - 1];,							+ helperTable[i-1][j - 1];
