SubSequence_a.java,ChangeDelta,					helperTable[i][j] += helperTable[i - 1][j],					helperTable[i][j-1] += helperTable[i - 1][j]
SubSequence_a.java,ChangeDelta,					helperTable[i][j-1] += helperTable[i - 1][j],					helperTable[i][j+1] += helperTable[i - 1][j]
SubSequence_a.java,ChangeDelta,			helperTable[i][0] = 1;,			helperTable[i][0] = 0;
SubSequence_a.java,ChangeDelta,							+ helperTable[i][j - 1];,							+ helperTable[i][j - 1]-1;
SubSequence_a.java,ChangeDelta,							+ helperTable[i][j - 1];,							+ helperTable[i][j - 1]+1;
SubSequence_a.java,ChangeDelta,							+ helperTable[i][j - 1];,							+ helperTable[i-1][j - 1];
