GameHelper.java,ChangeDelta,			incr = gridLength - 1;,			incr = /*gridLength*/ - 1;
GameHelper.java,ChangeDelta,			incr = /*gridLength*/ - 1;,			incr = /*gridLength*/ -1;
GameHelper.java,ChangeDelta,			incr = /*gridLength*/ -1;,			incr = gridLength -1;]]	[ChangeDelta::: position: 74::: lines: [				coords[nth++] = location; ] to [				//coords[nth++] = location; ::: 				coords[location]=nth++;
GameHelper.java,ChangeDelta,				//coords[nth++] = location; ::: 				coords[location]=nth++;,				coords[nth++] = location; 
GameHelper.java,ChangeDelta,			incr = gridLength -1;,			incr = gridLength;
