GameHelper.java,ChangeDelta,			incr = gridLength;,			incr = gridSize;
BoatBomb_a.java,ChangeDelta,	// public static void main(String[] args) {::: 	// BoatBomb game = new BoatBomb();::: 	// int[] start = { 4::: 3::: 8 };::: 	// game.setUpGame(4::: 3::: start);::: 	// game.startPlaying();::: 	// },	 public static void main(String[] args) {::: 		 BoatBomb game = new BoatBomb();::: 		 int[] start = { 4::: 3::: 8 };::: 		 game.setUpGame(4::: 3::: start);::: 		 game.startPlaying();::: 	}
BoatBomb_a.java,ChangeDelta,		 BoatBomb game = new BoatBomb();,		 BoatBomb_a game = new BoatBomb_a();
GameHelper.java,ChangeDelta,			incr = gridLength;,			incr = gridSize;
GameHelper.java,ChangeDelta,			incr = gridSize;,			incr = gridsIZE;
GameHelper.java,ChangeDelta,				if (nth > 0 && (location % gridLength == 0)) { ,				if (nth > 0 || (location % gridLength == 0)) { 
GameHelper.java,ChangeDelta,				if (nth > 0 && (location % gridLength == 0)) { ,				if (nth > 0 || (location % gridLength == 0)) { 
GameHelper.java,ChangeDelta,		while (success && nth < comSize) {,		while (success || nth < comSize) {
BoatBomb_a.java,ChangeDelta,			String name = "Boat" + (i + 1);,			String name = "Boat" + (i + 2);
GameHelper.java,ChangeDelta,		int incr = 0; ,		int incr = 1; 
