TicTacToe_b.java,ChangeDelta,        if (movesCounter == MAX_NUMBER_OF_MOVES),        if (movesCounter == gameRecord.getSteps().size()+gameRecord.getFirstPlayer())
TicTacToe_b.java,InsertDelta,,        :::         for(int j = movesCounter;j<MAX_NUMBER_OF_MOVES;j++){:::         	nextMove(1::: gameRecord.getSteps());:::             field.drawGameField();:::             :::     		if (isEndOfGame()){:::     			break;:::     		}:::         }
TicTacToe_b.java,ChangeDelta,        for(int j = movesCounter;j<MAX_NUMBER_OF_MOVES;j++){,        while(true){
TicTacToe_b.java,ChangeDelta,        while(true){,        while(movesCounter<MAX_NUMBER_OF_MOVES){
TicTacToe_b.java,DeleteDelta,,        :::         while(movesCounter<MAX_NUMBER_OF_MOVES){:::         	nextMove(1::: gameRecord.getSteps());:::             field.drawGameField();:::             :::     		if (isEndOfGame()){:::     			break;:::     		}:::         }
TicTacToe_b.java,InsertDelta,,        :::         for (int m = 0; m < Field.FIELD_SIZE; m++){:::         	for (int n = 0; n < Field.FIELD_SIZE; n++){:::         	if (Field.gameField[m][n] == ' '){:::         		setNewSign('O':::m:::n);:::         	}:::         	}:::         }
TicTacToe_b.java,ChangeDelta,        if (movesCounter == MAX_NUMBER_OF_MOVES),        if (movesCounter == MAX_NUMBER_OF_MOVES||movesCounter == gameRecord.getSteps().size()+gameRecord.getFirstPlayer();)
TicTacToe_b.java,ChangeDelta,        if (movesCounter == MAX_NUMBER_OF_MOVES||movesCounter == gameRecord.getSteps().size()+gameRecord.getFirstPlayer();),        if (movesCounter == MAX_NUMBER_OF_MOVES||movesCounter == gameRecord.getSteps().size()*2+gameRecord.getFirstPlayer();)
TicTacToe_b.java,ChangeDelta,        if (movesCounter == MAX_NUMBER_OF_MOVES||movesCounter == gameRecord.getSteps().size()*2+gameRecord.getFirstPlayer();),        if (movesCounter == MAX_NUMBER_OF_MOVES||movesCounter == gameRecord.getSteps().size()*2+gameRecord.getFirstPlayer())
TicTacToe_b.java,ChangeDelta,        for (int m = 0; m < Field.FIELD_SIZE; m++){:::         	for (int n = 0; n < Field.FIELD_SIZE; n++){:::         	if (Field.gameField[m][n] == ' '){:::         		setNewSign('O':::m:::n);:::         	}:::         	}:::         },//        for (int m = 0; m < Field.FIELD_SIZE; m++){::: //        	for (int n = 0; n < Field.FIELD_SIZE; n++){::: //        	if (Field.gameField[m][n] == ' '){::: //        		setNewSign('O':::m:::n);::: //        	}::: //        	}::: //        }
TicTacToe_b.java,ChangeDelta,        if (currentXPos == currentYPos):::         {,//        if (currentXPos == currentYPos)::: //        {]]	[ChangeDelta::: position: 193::: lines: [        }] to [//        }
