SubSequence_b.java,ChangeDelta,							+ helperTable[i - 1][j - 1];,							+ helperTable[i ][j - 1];
SubSequence_b.java,ChangeDelta,							+ helperTable[i ][j - 1];,							+ helperTable[i -1][j - 1];
SubSequence_b.java,ChangeDelta,							+ helperTable[i - 1][j - 1];,							+ helperTable[i][j - 1];
SubSequence_b.java,ChangeDelta,				if (longSeq.charAt(i - 1) != shortSeq.charAt(j - 1)) {,				if (longSeq.charAt(i - 1) == shortSeq.charAt(j - 1)) {
SubSequence_b.java,ChangeDelta,					helperTable[i][j] += helperTable[i][j];,					helperTable[i][j] += helperTable[i-1][j];
SubSequence_b.java,ChangeDelta,					helperTable[i][j] += helperTable[i][j];,					helperTable[i][j] += helperTable[i-1][j];
