MazeSearcher_c.java,ChangeDelta,				if (movables != null && !movables.isEmpty()) {,				if (movables != null && movables.isEmpty()) {
Point.java,ChangeDelta,			if (this.x == that.x && this.y == that.y) {,			if ((this.x == that.x) && (this.y == that.y)) {
MazeSearcher_c.java,ChangeDelta,		if (current.y + 1 < maze[current.x].length) {,		if (current.y + 1 < maze[current.x+1].length) {
MazeSearcher_c.java,ChangeDelta,		if (current.y + 1 < maze[current.x].length) {,		if (current.y + 1 < maze[current.x + 1].length) {
MazeSearcher_c.java,ChangeDelta,		if (current.y + 1 < maze[current.x + 1].length) {,		if (current.y + 1 < maze[current.x ].length) {
MazeSearcher_c.java,ChangeDelta,				&& current.y + 1 < maze[current.x + 1].length) {,				&& current.y + 1 < maze[current.x].length) {
MazeSearcher_c.java,ChangeDelta,		if (maze.length - 1 == current.x::: 				&& maze[maze.length - 1].length - 1 == current.y,		if ((maze.length - 1) == current.x::: 				&& (maze[maze.length - 1].length - 1) == current.y
MazeSearcher_c.java,ChangeDelta,				currentPath.add(new Point[] { current::: pre });,				currentPath.add(new Point[] { pre::: current });
MazeSearcher_c.java,ChangeDelta,		if (current.y + 1 < maze[current.x ].length) {,		if (current.y + 1 < maze[current.x -1 ].length) {
MazeSearcher_c.java,:\m,,test\projects\101\2535\MazeSearcher_c\src\MazeSearcher_c.ja
MazeSearcher_c.java,ChangeDelta,		if (next != null && isAvailable(next) && !next.equals(pre),		if ((next != null && isAvailable(next)) && !next.equals(pre)
MazeSearcher_c.java,ChangeDelta,		if ((next != null && isAvailable(next)) && !next.equals(pre),		if (((next != null && isAvailable(next)) && !next.equals(pre))
MazeSearcher_c.java,ChangeDelta,		} while ((movables != null && !movables.isEmpty()) && !stack.isEmpty()); // continue loop if still movable or backtrackable,		} while ((movables != null && movables.isEmpty()) && !stack.isEmpty()); // continue loop if still movable or backtrackable
MazeSearcher_c.java,ChangeDelta,		if (((next != null && isAvailable(next)) && !next.equals(pre))::: 				&& !containsCircle(next)) {,		if (((next != null) && (isAvailable(next)) && (!next.equals(pre)))::: 				&& (!containsCircle(next))) {
MazeSearcher_c.java,ChangeDelta,				&& current.y + 1 < maze[current.x + 1].length) {,				&&( current.y + 1 < maze[current.x + 1].length)) {
MazeSearcher_c.java,ChangeDelta,		if (current.y + 1 < maze[current.x ].length) {,		if (current.y + 1 < maze[current.x+1 ].length) {
MazeSearcher_c.java,ChangeDelta,		if (current.y + 1 < maze[current.x+1 ].length) {,		if (current.y + 1 < maze[current.x-1 ].length) {
MazeSearcher_c.java,ChangeDelta,		if (((next != null) && (isAvailable(next)) && (!next.equals(pre))),		if ((next != null) && (isAvailable(next)) && (!next.equals(pre))
MazeSearcher_c.java,ChangeDelta,		if (current.y + 1 < maze[current.x].length) {,		if (current.y + 1 < maze[current.x+1].length) {
