SubSequence_a.java,ChangeDelta,		for (int i = 0; i < longSeq.length(); i++),		for (int i = 0; i <= longSeq.length(); i++)
SubSequence_a.java,ChangeDelta,		for (int i = 0; i < longSeq.length(); i++)//<=,		for (int i = 0; i <= longSeq.length(); i++)//<=
SubSequence_a.java,ChangeDelta,		for (int i = 1; i <= longSeq.length(); i++) {,		for (int i = 1; i < longSeq.length(); i++) {
SubSequence_a.java,ChangeDelta,			helperTable[i][0] = 1;,			helperTable[i][0] = 0;
SubSequence_a.java,ChangeDelta,		return helperTable[longSeq.length()][shortSeq.length()];,		return helperTable[longSeq.length()+1][shortSeq.length()];
SubSequence_a.java,ChangeDelta,					helperTable[i][j] += helperTable[i - 1][j];,					helperTable[i][j] += helperTable[i ][j];
SubSequence_a.java,ChangeDelta,					helperTable[i][j] += helperTable[i ][j];,					helperTable[i][j] += helperTable[i][j];
SubSequence_a.java,ChangeDelta,					helperTable[i][j] += helperTable[i - 1][j];,					helperTable[i][j] += helperTable[i - 1][j-1];
SubSequence_a.java,ChangeDelta,		for (int i = 0; i < longSeq.length(); i++)//<=,		for (int i = 1; i < longSeq.length(); i++)//<=
SubSequence_a.java,ChangeDelta,		for (int i = 1; i < longSeq.length(); i++)//<=,		for (int  = 1; i < longSeq.length(); i++)//<=
SubSequence_a.java,ChangeDelta,		for (int  = 1; i < longSeq.length(); i++)//<=,		for (int = 1; i < longSeq.length(); i++)//<=
SubSequence_a.java,ChangeDelta,		for (int i = 0; i < longSeq.length(); i++)//<=,		for (int i = 0; i <= longSeq.length(); i++)//<=
SubSequence_a.java,ChangeDelta,					helperTable[i][j] += helperTable[i - 1][j];,					helperTable[i][j] += helperTable[i - 1][j - 1];
SubSequence_a.java,ChangeDelta,		for (int i = 0; i < longSeq.length(); i++)//<=,		for (int i = 0; i <= longSeq.length(); i++)//<=
SubSequence_a.java,ChangeDelta,					helperTable[i][j] += helperTable[i - 1][j];,					helperTable[i-1][j] += helperTable[i - 1][j];
SubSequence_a.java,ChangeDelta,							+ helperTable[i][j - 1];,							+ helperTable[i-1][j - 1];
