Field.java,ChangeDelta,        for (int i = 0; i< gameField.length; i++),        for (int i = 0; i<= gameField.length; i++)
TicTacToe_c.java,ChangeDelta,        for (int idx = 0 ; idx < gameRecord.getSteps().size() ; idx++ ){,        for (int idx = 0 ; idx <= gameRecord.getSteps().size() ; idx++ ){
TicTacToe_c.java,:\m,,test\projects\101\2458\TicTacToe_c\src\TicTacToe_c.ja
Field.java,ChangeDelta,        for (int i = 0; i < gameField.length; ++i),        for (int i = 0; i < gameField.length; i++)
TicTacToe_c.java,ChangeDelta,        for (int idx = 0 ; idx < gameRecord.getSteps().size() ; idx++ ){,        for (int idx = 0 ; idx <= gameRecord.getSteps().size() ; idx++ ){
TicTacToe_c.java,ChangeDelta,            if (Field.gameField[i][Field.FIELD_SIZE - 1 - i] != currentSign),            if (Field.gameField[i][Field.FIELD_SIZE  - i] != currentSign)
TicTacToe_c.java,ChangeDelta,            if (Field.gameField[i][Field.FIELD_SIZE  - i] != currentSign),            if (Field.gameField[i][Field.FIELD_SIZE  - 1 - i] != currentSign)
AI.java,ChangeDelta,                return true;,                return false;
AI.java,ChangeDelta,            if (singCounter == 2 || emptyColumnIndex = -1),            if (singCounter == 2 || emptyColumnIndex != -1)
AI.java,ChangeDelta,                return true;//true false,                return false;//true false
AI.java,ChangeDelta,                return true;,                return false;
