HeapSort_c.java,ChangeDelta,				++child;,				child++;
HeapSort_c.java,ChangeDelta,				++child;,				--child;
HeapSort_c.java,ChangeDelta,				adjust(H::: 0::: i);,//				adjust(H::: 0::: i);
HeapSort_c.java,ChangeDelta,				++child;,				2 * s + 1;
HeapSort_c.java,ChangeDelta,				2 * s + 1;,				child=2 * s + 2;
HeapSort_c.java,ChangeDelta,			if (child + 1 < length && H[child] < H[child + 1]) {,			if (child + 1 <= length && H[child] < H[child + 1]) {
HeapSort_c.java,ChangeDelta,			if (child + 1 < length && H[child] < H[child + 1]) {,			if (child + 1 <= length && H[child] < H[child + 1]) {
HeapSort_c.java,ChangeDelta,			if (child + 1 < length && H[child] < H[child + 1]) {,			if (child + 1 < length && H[child] <= H[child + 1]) {
HeapSort_c.java,ChangeDelta,			if (H[s] < H[child]) {,			if (H[s] > H[child]) {
HeapSort_c.java,InsertDelta,,		System.out.println();
HeapSort_c.java,ChangeDelta,		System.out.println();,		System.out.println();for(int i=0;i<H.length;i++){System.out.print(H[i]+" ");}
HeapSort_c.java,ChangeDelta,		while (child < length) {,		while (child <= length) {
HeapSort_c.java,ChangeDelta,			for (int i = length - 1; i >= 0; --i) {,			for (int i = length - 1; i > 0; --i) {
HeapSort_c.java,ChangeDelta,		}for(int i=0;i<H.length;i++){System.out.print(H[i]+" ");}System.out.println();,		}
HeapSort_c.java,ChangeDelta,			build(H::: length);for(int i=0;i<H.length;i++){System.out.print(H[i]+" ");}System.out.println();,			build(H::: length);
HeapSort_c.java,ChangeDelta,			if (child + 1 < length && H[child] < H[child + 1]) {,			if (child + 1 < length && H[s] > H[child]) {
HeapSort_c.java,ChangeDelta,			if (child + 1 < length && H[s] > H[child]) {,			if (child + 1 < length && H[child] < H[child + 1]&&H[s] < H[child]) {
HeapSort_c.java,ChangeDelta,			if (child + 1 < length && H[child] < H[child + 1]&&H[s] < H[child]) {,			if (child + 1 < length && H[child] < H[child + 1]&&H[s] > H[child]) {
HeapSort_c.java,ChangeDelta,			if (child + 1 < length && H[child] < H[child + 1]) {,			if (child + 1 < length && H[child] <= H[child + 1]) {
