QuickSort_b.java,ChangeDelta,					break;,					//break;
QuickSort_b.java,ChangeDelta,				if (leftPointer == high),				if (leftPointer == high+1)
QuickSort_b.java,ChangeDelta,				if (leftPointer == high),				if (leftPointer == high+1)
QuickSort_b.java,ChangeDelta,				if (leftPointer == high),				if (leftPointer == rightPointer)
QuickSort_b.java,ChangeDelta,			while (list[++leftPointer] < pivot) {,			while (list[++leftPointer] > pivot) {
QuickSort_b.java,DeleteDelta,,					//continue;
QuickSort_b.java,ChangeDelta,			while (list[++leftPointer] < pivot) {,			while (list[++leftPointer] <= pivot) {
QuickSort_b.java,ChangeDelta,			while (list[--rightPointer] > pivot) {,			while (list[--rightPointer] >= pivot) {
QuickSort_b.java,ChangeDelta,				if (leftPointer == high),				if (leftPointer != high)
QuickSort_b.java,ChangeDelta,				if (leftPointer == high),				if (leftPointer == high-1)
QuickSort_b.java,ChangeDelta,				if (leftPointer == high-1),				if (leftPointer == high+1)
QuickSort_b.java,ChangeDelta,		int rightPointer = high;,		int rightPointer = high + 1;
QuickSort_b.java,ChangeDelta,		int leftPointer = low;,		int leftPointer = low -1;
QuickSort_b.java,ChangeDelta,		int leftPointer = low -1;,		int leftPointer = low ;
QuickSort_b.java,ChangeDelta,			while (list[++leftPointer] < pivot) {,			while (list[leftPointer++] < pivot) {
QuickSort_b.java,InsertDelta,,			if(++leftPointer<=high){]]	[InsertDelta::: position: 19::: lines: [			}
QuickSort_b.java,DeleteDelta,,			if(++leftPointer<=high){]]	[DeleteDelta::: position: 20::: lines: [			}
QuickSort_b.java,ChangeDelta,				if (leftPointer == high),				if (leftPointer <= high)
QuickSort_b.java,:\m,,test\projects\102\2575\QuickSort_b\src\QuickSort_b.ja
QuickSort_b.java,InsertDelta,,					leftPointer--;
QuickSort_b.java,DeleteDelta,,					leftPointer--;
QuickSort_b.java,ChangeDelta,				if (leftPointer == high),				if (++leftPointer == high)
QuickSort_b.java,ChangeDelta,				if (leftPointer == high),				if ((++leftPointer) == high)
QuickSort_b.java,ChangeDelta,				if (leftPointer == high),				if (leftPointer+1 == high)
