Human.java,ChangeDelta,            :::             TicTacToe_c.setNewSign(playerSing::: rowIndex::: columnIndex);,            if(TicTacToe_c.haveFreeCellAt(rowIndex::: columnIndex)&&TicTacToe_c.isValidMove(rowIndex::: columnIndex)):::             	TicTacToe_c.setNewSign(playerSing::: rowIndex::: columnIndex);
Human.java,:\m,,test\projects\102\2575\TicTacToe_c\src\Human.ja
Human.java,ChangeDelta,            if(TicTacToe_c.haveFreeCellAt(rowIndex::: columnIndex)&&TicTacToe_c.isValidMove(rowIndex::: columnIndex)),            //if(TicTacToe_c.haveFreeCellAt(rowIndex::: columnIndex)&&TicTacToe_c.isValidMove(rowIndex::: columnIndex))
TicTacToe_c.java,ChangeDelta,        if (currentXPos == currentYPos):::         {,//        if (currentXPos == currentYPos)::: //        {
TicTacToe_c.java,ChangeDelta,        },        //}
TicTacToe_c.java,DeleteDelta,            movesCounter++;]]	[DeleteDelta::: position: 135::: lines: [            movesCounter++;]]	[ChangeDelta::: position: 139::: lines: [        //movesCounter++;,        movesCounter++;
