HeapSort_b.java,ChangeDelta,			for (int i = length - 1; i >= 0; --i) {,			for (int i = length - 1; i > 0; --i) {
HeapSort_b.java,InsertDelta,,		for(int i = 0; i < H.length; i++){::: 			::: 		}
HeapSort_b.java,ChangeDelta,			,			System.out.println();
HeapSort_b.java,ChangeDelta,			System.out.println();,			System.out.println(H[i]);
HeapSort_b.java,ChangeDelta,			System.out.println(H[i]);,			System.out.print(H[i]+" ");
HeapSort_b.java,ChangeDelta,				for(int i = 0; i < H.length; i++){::: 					System.out.print(H[i]+" ");,				for(int j = 0; j < H.length; j++){::: 					System.out.print(H[j]+" ");
HeapSort_b.java,ChangeDelta,		int child = 2 * s;,		int child = 2 * s+1;
HeapSort_b.java,ChangeDelta,		int child = 2 * s+1;,		int child = 2 * s + 1;
