HeapSort_b.java,ChangeDelta,				++child;,				--child;
HeapSort_b.java,ChangeDelta,			if (child + 1 < length && H[child] < H[child + 1]) {,			if (child + 1 <= length && H[child] < H[child + 1]) {
HeapSort_b.java,ChangeDelta,			if (child + 1 < length && H[child] < H[child + 1]) {,			if (child + 1 < length && H[child] > H[child + 1]) {
HeapSort_b.java,ChangeDelta,			if (child + 1 < length && H[child] < H[child + 1]) {,			if (child + 1 < length || H[child] < H[child + 1]) {
HeapSort_b.java,ChangeDelta,			if (child + 1 < length && H[child] < H[child + 1]) {,			if (child + 1 < length && H[child] > H[child + 1]) {
HeapSort_b.java,ChangeDelta,			if (child + 1 < length && H[child] < H[child + 1]) {,			if (child + 1 <= length && H[child] < H[child + 1]) {
HeapSort_b.java,ChangeDelta,				++child;,				--child;
HeapSort_b.java,ChangeDelta,		int child = 2 * s;,		int child = 2 * s + 2;
HeapSort_b.java,ChangeDelta,		int child = 2 * s + 2;,		int child = 2 * s + 1;
