TicTacToe_c.java,ChangeDelta,            if (Field.gameField[currentXPos][i] != currentSign),            if (Field.gameField[currentXPos][i] == currentSign)
TicTacToe_c.java,ChangeDelta,            if (Field.gameField[i][currentYPos] != currentSign),            if (Field.gameField[i][currentYPos] == currentSign)
TicTacToe_c.java,ChangeDelta,        		nextMove(idx * 2 ::: gameRecord.getSteps());,        		nextMove(idx * 2 + 2::: gameRecord.getSteps());
TicTacToe_c.java,ChangeDelta,        		nextMove(idx * 2 + 2::: gameRecord.getSteps());,        		nextMove(idx * 2::: gameRecord.getSteps());
TicTacToe_c.java,ChangeDelta,            if (Field.gameField[i][Field.FIELD_SIZE - 1 - i] != currentSign),            if (Field.gameField[i][Field.FIELD_SIZE - i] != currentSign)
TicTacToe_c.java,ChangeDelta,            if (Field.gameField[i][Field.FIELD_SIZE - i] != currentSign),            if (Field.gameField[i][Field.FIELD_SIZE -1 - i] != currentSign)
TicTacToe_c.java,ChangeDelta,            if (Field.gameField[i][Field.FIELD_SIZE - 1 - i] != currentSign),            if (Field.gameField[i][Field.FIELD_SIZE - 1 - i] == currentSign)
TicTacToe_c.java,ChangeDelta,        if (movesCounter == MAX_NUMBER_OF_MOVES),        if (movesCounter != MAX_NUMBER_OF_MOVES)
TicTacToe_c.java,ChangeDelta,        		nextMove(idx * 2::: gameRecord.getSteps());,        		nextMove(idx * 2 + 1::: gameRecord.getSteps());
TicTacToe_c.java,ChangeDelta,        		nextMove(idx * 2 + 1 ::: gameRecord.getSteps());,        		nextMove(idx * 2 - 1 ::: gameRecord.getSteps());
TicTacToe_c.java,ChangeDelta,            if (Field.gameField[i][Field.FIELD_SIZE - 1 - i] != currentSign),            if (Field.gameField[i][Field.FIELD_SIZE - 1 - i] == currentSign)
TicTacToe_c.java,ChangeDelta,        		nextMove(idx * 2 + 1 ::: gameRecord.getSteps());,        		nextMove(idx * 2 + 2 ::: gameRecord.getSteps());
TicTacToe_c.java,ChangeDelta,            if (Field.gameField[i][currentYPos] != currentSign),            if (Field.gameField[currentYPos][i] != currentSign)
TicTacToe_c.java,ChangeDelta,        if (currentXPos != currentYPos),        if (currentXPos == currentYPos)
TicTacToe_c.java,ChangeDelta,            if (Field.gameField[i][Field.FIELD_SIZE - 1 - i] != currentSign),            if (Field.gameField[i][Field.FIELD_SIZE - 1 - i] == currentSign)
TicTacToe_c.java,ChangeDelta,            else if (i == Field.FIELD_SIZE ),            else if (i == Field.FIELD_SIZE - 1)
TicTacToe_c.java,ChangeDelta,        if (movesCounter == MAX_NUMBER_OF_MOVES),        if (movesCounter != MAX_NUMBER_OF_MOVES)
TicTacToe_c.java,ChangeDelta,            if (Field.gameField[currentXPos][i] != currentSign),            if (Field.gameField[currentYPos][i] != currentSign)
TicTacToe_c.java,ChangeDelta,            if (Field.gameField[i][currentYPos] != currentSign),            if (Field.gameField[i][currentXPos] != currentSign)
TicTacToe_c.java,ChangeDelta,                if (Field.gameField[i][i] == currentSign),                if (Field.gameField[i][i] != currentSign)]]	[ChangeDelta::: position: 180::: lines: [                else if (i == Field.FIELD_SIZE - 1)] to [                else if (i != Field.FIELD_SIZE - 1)
TicTacToe_c.java,:\m,,test\projects\102\2553\TicTacToe_c\src\TicTacToe_c.ja
TicTacToe_c.java,ChangeDelta,                else if (i != Field.FIELD_SIZE - 1),                else if (i == Field.FIELD_SIZE - 1)
TicTacToe_c.java,ChangeDelta,            if (Field.gameField[i][Field.FIELD_SIZE - 1 - i] != currentSign),            if (Field.gameField[i][Field.FIELD_SIZE - 1 ] != currentSign)
TicTacToe_c.java,ChangeDelta,                return currentSign;,                return ZERO_CHAR;
TicTacToe_c.java,ChangeDelta,        		nextMove(idx * 2 + 2::: gameRecord.getSteps());,        		nextMove(idx * 2 + 1::: gameRecord.getSteps());
