Elevator_a.java,ChangeDelta,			CurrentDestination = DownGoalFloors;::: 			OppositeDestination = UpGoalFloors;::: 			PendingRequests = DownPendingRequests;,			CurrentDestination = UpGoalFloors;::: 			OppositeDestination = DownGoalFloors;::: 			PendingRequests = UpPendingRequests;
Elevator_a.java,ChangeDelta,			if(passengerDirection == 1){,			if(direction == 1){
Elevator_a.java,ChangeDelta,		direction *= -1;,		direction = -1*direction;]]	[ChangeDelta::: position: 76::: lines: [		if(CurrentFloor == getNextDestination())] to [		if(CurrentFloor == CurrentDestination())
Elevator_a.java,ChangeDelta,		if(CurrentFloor == CurrentDestination()),		if(CurrentFloor == getNextDestination())
Elevator_a.java,ChangeDelta,		if(CurrentFloor == getNextDestination()),		if(CurrentFloor == CurrentDestination)
Elevator_a.java,ChangeDelta,		if(CurrentDestination.size() != 0){,		if(CurrentDestination.size() == 0){
Elevator_a.java,ChangeDelta,		if(CurrentDestination.size() != 0){,		if(CurrentDestination.size() == 0){
