Elevator_b.java,ChangeDelta,			direction = 0;,			direction =-1;
Elevator_b.java,ChangeDelta,			direction =-1;,			direction =0;
Elevator_b.java,ChangeDelta,			direction =0;,			direction =1;
Passenger.java,ChangeDelta,		return CurrentFloor;,		return direction;]]	[ChangeDelta::: position: 29::: lines: [		return direction;] to [		::: 		return CurrentFloor
Elevator_b.java,ChangeDelta,		if(CurrentDestination.size() > 0){,		if(OppositeDestination.size() > 0){
Elevator_b.java,ChangeDelta,			direction = 0;,			CurrentFloor = 0;
Elevator_b.java,ChangeDelta,			direction = 0;,			direction = -1;
Elevator_b.java,ChangeDelta,			direction = -1;,			direction = 1;
Elevator_b.java,ChangeDelta,		if(CurrentDestination.size() == 0){,		if(CurrentDestination.size() != 0){
Elevator_b.java,ChangeDelta,			direction = 0;,			CurrentFloor = 0;
Elevator_b.java,ChangeDelta,		if(CurrentDestination.size() > 0){,		if(CurrentDestination.size() >= 0){
Elevator_b.java,ChangeDelta,			return CurrentFloor;,			return direction;
Elevator_b.java,ChangeDelta,			if(OppositeDestination.size() > 0){,			if(OppositeDestination.size()!= 0){
Elevator_b.java,ChangeDelta,		if(CurrentDestination.size() > 0){,		if(CurrentDestination.size() >= 0){
