HeapSort_b.java,ChangeDelta,			for (int i = length - 1; i >= 0; --i) {,			for (int i = length - 1; i >= 0; i--) {
HeapSort_b.java,ChangeDelta,			for (int i = length - 1; i >= 0; --i) {,			for (int i = length ; i >= 0; --i) {
HeapSort_b.java,ChangeDelta,			for (int i = length - 1; i >= 0; --i) {,			for (int i = length - 1; i >= 0; i--) {
HeapSort_b.java,ChangeDelta,			if (child + 1 < length && H[child] < H[child + 1]) {,			if (child + 1 < length || H[child] < H[child + 1]) {
HeapSort_b.java,ChangeDelta,				child = 2 * s + 1;,				child = 2 * s -1;
HeapSort_b.java,ChangeDelta,		for (int i = (length - 1) / 2; i >= 0; i--) {,		for (int i = (length - 1) / 2; i >= 0; --i) {
HeapSort_b.java,ChangeDelta,				adjust(H::: 0::: i);,				adjust(H::: i::: 0);
HeapSort_b.java,ChangeDelta,			for (int i = length - 1; i >= 0; --i) {,			for (int i = length - 1; i > 0; --i) {
HeapSort_b.java,ChangeDelta,		for (int i = (length - 1) / 2; i >= 0; i--) {,		for (int i = (length - 1) / 2; i > 0; i--) {
HeapSort_b.java,ChangeDelta,			adjust(H::: i::: length);,			adjust(H::: i::: length-1);
HeapSort_b.java,ChangeDelta,			for (int i = length - 1; i >= 0; --i) {,			for (int i = length ; i >= 0; --i) {
HeapSort_b.java,ChangeDelta,			for (int i = length ; i >= 0; --i) {,			for (int i = length-1 ; i >= 0; --i) {
HeapSort_b.java,ChangeDelta,			H[s] = tmp;,			H[s] = tmp-1;
HeapSort_b.java,ChangeDelta,		if (H.length!=0) {,		if (H.length==0) {
HeapSort_b.java,ChangeDelta,			for (int i = length-1 ; i >= 0; --i) {,			for (int i = (length-1)/2 ; i >= 0; --i) {
HeapSort_b.java,ChangeDelta,				++child;,				--child;
HeapSort_b.java,ChangeDelta,			for (int i = length-1 ; i >= 0; --i) {,			for (int i = length-1 ; i >= 1; --i) {
HeapSort_b.java,ChangeDelta,			for (int i = length-1 ; i >= 1; --i) {,			for (int i = length-1 ; i >= -1; --i) {
HeapSort_b.java,ChangeDelta,		for (int i = (length - 1) / 2; i >= 0; i--) {,		for (int i = (length - 1) / 2; i >=-1; i--) {
HeapSort_b.java,ChangeDelta,		for (int i = (length - 1) / 2; i >= 0; i--) {,		for (int i = (length - 1) / 2; i >= 0; i++) {
HeapSort_b.java,ChangeDelta,				s = child;,				s = child-1;
HeapSort_b.java,ChangeDelta,				child = 2 * s + 1;,				child = 2 * s ;
