HeapSort_c.java,ChangeDelta,			if (H[s] < H[child]) {,			if (H[s] > H[child]) {
HeapSort_c.java,InsertDelta,,			for(int j : H) {::: 				System.out.print(j + "   ");::: 			}::: 			System.out.println();
HeapSort_c.java,InsertDelta,,		System.out.println(child + " " + s);
HeapSort_c.java,InsertDelta,,				System.out.println(true);
HeapSort_c.java,DeleteDelta,,				System.out.println(true);
HeapSort_c.java,InsertDelta,,			System.out.println(H[s] + "   " + H[child]);
HeapSort_c.java,DeleteDelta,,		System.out.println(child + " " + s);]]	[DeleteDelta::: position: 9::: lines: [			System.out.println(H[s] + "   " + H[child]);
HeapSort_c.java,InsertDelta,,				for(int j : H) {::: 					System.out.print(j + "   ");::: 				}::: 				System.out.println();
HeapSort_c.java,DeleteDelta,,				s = child;]]	[InsertDelta::: position: 12::: lines: [				s = child;::: 				
HeapSort_c.java,DeleteDelta,				child = 2 * s + 2;]]	[ChangeDelta::: position: 12::: lines: [				,				child = 2 * s + 2;
HeapSort_c.java,ChangeDelta,			if (child + 1 < length && H[child] < H[child + 1]) {,			while (child + 1 < length && H[child] < H[child + 1]) {
HeapSort_c.java,ChangeDelta,			for(int j : H) {::: 				System.out.print(j + "   ");::: 			}::: 			System.out.println();,//			for(int j : H) {::: //				System.out.print(j + "   ");::: //			}::: //			System.out.println();]]	[ChangeDelta::: position: 37::: lines: [				for(int j : H) {::: 					System.out.print(j + "   ");::: 				}::: 				System.out.println();] to [//				for(int j : H) {::: //					System.out.print(j + "   ");::: //				}::: //				System.out.println();
HeapSort_c.java,DeleteDelta,,//			for(int j : H) {::: //				System.out.print(j + "   ");::: //			}::: //			System.out.println();]]	[DeleteDelta::: position: 37::: lines: [//				for(int j : H) {::: //					System.out.print(j + "   ");::: //				}::: //				System.out.println();
HeapSort_c.java,InsertDelta,,//			for(int j : H) {::: //				System.out.print(j + "   ");::: //			}::: //			System.out.println();]]	[InsertDelta::: position: 33::: lines: [//				for(int j : H) {::: //					System.out.print(j + "   ");::: //				}::: //				System.out.println();
HeapSort_c.java,ChangeDelta,		for (int i = (length - 1) / 2; i >= 0; i--) {,		for (int i = (length - 1) / 2; i > 0; i--) {
HeapSort_c.java,ChangeDelta,		while (child < length) {,		while (child <= length) {
HeapSort_c.java,ChangeDelta,			if (H[s] < H[child]) {,			if (H[s] > H[child]) {
HeapSort_c.java,ChangeDelta,				adjust(H::: 0::: i);,				adjust(H::: 0::: length);
HeapSort_c.java,ChangeDelta,		for (int i = (length - 1) / 2; i >= 0; i--) {,		for (int i = (length - 1) ; i >= 0; i--) {
HeapSort_c.java,ChangeDelta,				child = 2 * s + 2;,				child = 2 * s + 1;
