SubSequence_b.java,ChangeDelta,			for (int j = 1; j <= shortSeq.length(); j++) {,			for (int j = 1; j < shortSeq.length(); j++) {
SubSequence_b.java,ChangeDelta,		for (int i = 0; i < longSeq.length(); i++),		for (int i = 0; i <= longSeq.length(); i++)
SubSequence_b.java,ChangeDelta,				if (longSeq.charAt(i - 1) == shortSeq.charAt(j - 1)) {,				if (longSeq.charAt(i + 1) == shortSeq.charAt(j - 1)) {
SubSequence_b.java,ChangeDelta,		for (int i = 1; i <= longSeq.length(); i++) {,		for (int i = 0; i <= longSeq.length(); i++) {
SubSequence_b.java,ChangeDelta,			for (int j = 1; j <= shortSeq.length(); j++) {,			for (int j = 0; j <= shortSeq.length(); j++) {
SubSequence_b.java,ChangeDelta,					helperTable[i][j] += helperTable[i + 1][j],					helperTable[i][j] += helperTable[i - 1][j]
SubSequence_b.java,ChangeDelta,					helperTable[i][j] += helperTable[i - 1][j],					helperTable[i][j] += helperTable[i - 1][j-1]
SubSequence_b.java,ChangeDelta,			for (int j = 1; j <= shortSeq.length(); j++) {,			for (int j = 0; j <= shortSeq.length(); j++) {
SubSequence_b.java,ChangeDelta,				if (longSeq.charAt(i - 1) == shortSeq.charAt(j - 1)) {,				if (longSeq.charAt(i - 1) != shortSeq.charAt(j - 1)) {
SubSequence_b.java,ChangeDelta,					helperTable[i][j] += helperTable[i - 1][j],					helperTable[i][j-1] += helperTable[i - 1][j]
SubSequence_b.java,ChangeDelta,							+ helperTable[i - 1][j - 1];,							+ helperTable[i][j - 1];
SubSequence_b.java,ChangeDelta,					helperTable[i][j] += helperTable[i - 1][j],					helperTable[i][j-1] += helperTable[i - 1][j]
SubSequence_b.java,ChangeDelta,		int[][] helperTable = new int[longSeq.length() + 1][shortSeq.length() + 1];,		int[][] helperTable = new int[longSeq.length() - 1][shortSeq.length() - 1];
SubSequence_b.java,ChangeDelta,		int[][] helperTable = new int[longSeq.length() + 1][shortSeq.length() + 1];,		int[][] helperTable = new int[longSeq.length() ][shortSeq.length()];
SubSequence_b.java,ChangeDelta,		int[][] helperTable = new int[longSeq.length() ][shortSeq.length()];,		int[][] helperTable = new int[longSeq.length()+1 ][shortSeq.length()+1];
SubSequence_b.java,ChangeDelta,		for (int i = 0; i < longSeq.length(); i++) {::: 			for (int j = 0; j < shortSeq.length(); j++) {,		for (int i = 1; i < longSeq.length(); i++) {::: 			for (int j = 1; j < shortSeq.length(); j++) {
SubSequence_b.java,ChangeDelta,			for (int j = 1; j < =shortSeq.length(); j++) {,			for (int j = 1; j <=shortSeq.length(); j++) {
SubSequence_b.java,ChangeDelta,					helperTable[i][j] += helperTable[i][j];,					helperTable[i][j] += helperTable[i-1][j-1];
SubSequence_b.java,ChangeDelta,					helperTable[i][j] += helperTable[i][j];,					helperTable[i][j] += helperTable[i][j-1];
SubSequence_b.java,ChangeDelta,		return helperTable[longSeq.length()][shortSeq.length()];,		return helperTable[longSeq.length()][shortSeq.length()];System.out.println("------");
SubSequence_b.java,ChangeDelta,					helperTable[i][j] = helperTable[i - 1][j],					helperTable[i][j] = helperTable[i - 1][j-1]
SubSequence_b.java,ChangeDelta,					helperTable[i][j] = helperTable[i - 1][j-1],					helperTable[i][j] += helperTable[i - 1][j-1]
SubSequence_b.java,ChangeDelta,					helperTable[i][j] += helperTable[i][j];      System.out.println("else"+helperTable[i][j]+"  "+longSeq.charAt(i-1)+"  "+shortSeq.charAt(j-1)+"i="+i+" j="+j);,					helperTable[i][j] += helperTable[i][j]+helperTable[i - 1][j];     System.out.println("else"+helperTable[i][j]+"  "+longSeq.charAt(i-1)+"  "+shortSeq.charAt(j-1)+"i="+i+" j="+j);
