AI.java,ChangeDelta,            if (singCounter == 2 && emptyColumnIndex != -1),            if (singCounter == 2 || emptyColumnIndex != -1)
AI.java,ChangeDelta,            if (singCounter == 2 || emptyColumnIndex != -1),            if (singCounter == 2&& emptyColumnIndex != -1)
AI.java,ChangeDelta,            if (singCounter == 2 && emptyRowIndex != -1),            if (singCounter == 2 || emptyRowIndex != -1)
Field.java,ChangeDelta,        for (int i = 0; i < gameField.length; ++i),        for (int i = 0; i < gameField.length; i++)]]	[ChangeDelta::: position: 16::: lines: [            for (int j = 0; j < gameField[i].length; ++j)] to [            for (int j = 0; j < gameField[i].length; j++)
AI.java,ChangeDelta,        if (singCounter == 2 && emptyRowIndex != -1 || emptyColumnIndex != -1),        if (singCounter == 2 && emptyRowIndex != -1 && emptyColumnIndex != -1)
Field.java,ChangeDelta,    	cellIndex = 1;,    	cellIndex = 0;
