QuickSort_a.java,:\m,,test\projects\101\2472\QuickSort_a\src\QuickSort_a.ja
QuickSort_a.java,ChangeDelta,		exchange(list::: low::: rightPointer);,		exchange(list::: leftPointer::: rightPointer);
QuickSort_a.java,ChangeDelta,			exchange(list::: leftPointer::: rightPointer);,			exchange(list::: leftPointer::: high);
QuickSort_a.java,ChangeDelta,			while (list[++leftPointer] < pivot) {,			while (list[++leftPointer] < pivot) {System.out.println(leftPointer);
QuickSort_a.java,ChangeDelta,			quickSort(unSortList::: pivotPosition + 1::: rightSide);,			quickSort(unSortList::: pivotPosition::: rightSide);
