QuickSort_a.java,ChangeDelta,		exchange(list::: low::: rightPointer);,		exchange(list::: low::: leftPointer);
QuickSort_a.java,ChangeDelta,		return rightPointer;,		return leftPointer;
QuickSort_a.java,ChangeDelta,		return leftPointer;,		return low;
QuickSort_a.java,ChangeDelta,			while (list[--rightPointer] > pivot) {,			while (list[rightPointer--] > pivot) {
QuickSort_a.java,ChangeDelta,				if (leftPointer == high),				if (leftPointer == low)
QuickSort_a.java,ChangeDelta,				if (rightPointer == low),				if (rightPointer == high)
QuickSort_a.java,ChangeDelta,		int rightPointer = high;,		int rightPointer = high+1;
