QuickSort_a.java,ChangeDelta,			while (list[++leftPointer] < pivot) {,			while (list[leftPointer++] < pivot) {
QuickSort_a.java,ChangeDelta,			while (list[--rightPointer] > pivot) {,			while (list[rightPointer--] > pivot) {
QuickSort_a.java,ChangeDelta,		exchange(list::: low::: rightPointer);,		exchange(list::: leftPointer::: rightPointer);
QuickSort_a.java,ChangeDelta,		exchange(list::: low::: rightPointer);,		exchange(list::: low::: rightPointer+1);
QuickSort_a.java,ChangeDelta,			while (list[--rightPointer] > pivot) {,			while (list[rightPointer--] > pivot) {
QuickSort_a.java,ChangeDelta,			while (list[rightPointer--] > pivot) {,			while (list[rightPointer] > pivot) {
QuickSort_a.java,ChangeDelta,			if (leftPointer >= rightPointer),			if (leftPointer <= rightPointer)
QuickSort_a.java,ChangeDelta,		exchange(list::: low::: rightPointer);,		exchange(list::: low::: high);
QuickSort_a.java,InsertDelta,,		rightPointer = rightPointer + 1;
QuickSort_a.java,DeleteDelta,,		rightPointer = rightPointer + 1;
QuickSort_a.java,ChangeDelta,			while (list[--rightPointer] > pivot) {,			while (list[--rightPointer] >= pivot) {
QuickSort_a.java,ChangeDelta,			while (list[rightPointer--] > pivot) {,			while (list[rightPointer] > pivot) {::: 				rightPointer--;
