Field.java,ChangeDelta,        for (int i = 0; i < gameField.length; ++i),        for (int i = 0; i < gameField.length; i++)]]	[ChangeDelta::: position: 16::: lines: [            for (int j = 0; j < gameField[i].length; ++j)] to [            for (int j = 0; j < gameField[i].length; j++)
Field.java,ChangeDelta,            for (int j = 0; j < gameField[i].length; j++),            for (int j = 0; j < gameField[i].length; ++j)
Field.java,ChangeDelta,            for (int j = 0; j < gameField[i].length; ++j),            for (int j = i; j < gameField[i].length; ++j)
Field.java,ChangeDelta,                drawCell(row[j]);,                drawCell(row[i]);
Field.java,ChangeDelta,        for (int i = 0; i< gameField.length; i++),        for (int i = 0; i< gameField.length; ++i)
Field.java,ChangeDelta,            for (int j = 0; j < row.length;j++),            for (int j = 0; j < row.length;++j)
Field.java,ChangeDelta,            for (int j = 0; j < row.length;j++),            for (int j = i; j < row.length;j++)
Field.java,DeleteDelta,,        cellIndex++;
Field.java,InsertDelta,,        cellIndex++;
Field.java,ChangeDelta,    	cellIndex = 1;,    	cellIndex = 0;
